Store Number;Store Name;Address;City
4614;URBAN LIQUOR;6401 DOUGLAS AVE STE 1;URBANDALE
2549;HY-VEE FOOD STORE / INDIANOLA;910 N JEFFERSON;INDIANOLA
3990;CORK AND BOTTLE / OSKALOOSA;309 A AVE WEST;OSKALOOSA
3573;QUIK SHOP FOODS / FOUR M IN;405 S MADISON;OTTUMWA
4057;TEQUILA'S LIQUOR STORE;1434 DES MOINES ST STE 5;DES MOINES
3942;TWIN TOWN LIQUOR;104 HIGHWAY 30 WEST;TOLEDO
2445;RUBACK'S FOOD CENTER;504 SOUTH HIGHWAY;OAKLAND
4622;QUIK TRIP #544 / SE 14TH DM;3941, SE 14TH ST;DES MOINES
3587;SAVE A LOT  #482;2122 MAIN ST;KEOKUK
2285;JOHN'S GROCERY;401 EAST MARKET ST;IOWA CITY
5083;CENTRAL MART;1203, TRI VIEW AVE;SIOUX CITY
2619;HY-VEE WINE AND SPIRITS / WDM;1725  74TH ST;WEST DES MOINES
4637;KWIK SHOP #560 / CEDAR RAPIDS;3301 J ST;CEDAR RAPIDS
2620;HY-VEE / WINDSOR HEIGHTS;7101 UNIVERSITY AVE;WINDSOR HEIGHTS
2535;HY-VEE FOOD STORE #1 / WDM;1700 VALLEY WEST DR;WEST DES MOINES
3907;SMOKIN' JOE'S #16 TOBACCO AND LIQUOR;1504 PARK AVE;MUSCATINE
2670;HY-VEE FOOD STORE / CORALVILLE;2004 8TH  ST;CORALVILLE
2591;HY-VEE WINE AND SPIRITS / ATLANTIC;1602 E. 7TH ST.;ATLANTIC
2576;HY-VEE WINE AND SPIRITS / STORM LAKE;1250 N LAKE ST;STORM LAKE
4649;METRO LIQUOR AND TOBACCO;3418 W BROADWAY;COUNCIL BLUFFS
2841;CVS PHARMACY #8532 / CEDAR RAPIDS;2711 MT VERNON RD;CEDAR RAPIDS
2637;HY-VEE #5 / DAVENPORT;2351 W LOCUST;DAVENPORT
3776;WAL-MART 5115 / DAVENPORT;3101 WEST KIMBERLY RD;DAVENPORT
3926;LIQUOR DOWNTOWN / IOWA CITY;315 S GILBERT ST;IOWA CITY
2524;HY-VEE FOOD STORE / DUBUQUE;3500 DODGE ST;DUBUQUE
4442;A-TOWN LIQUOR STORE;212 10TH ST;ALTON
2511;HY-VEE / DRUGTOWN #2 / CEDAR RAPIDS;1440 32ND STREET, N.E.;CEDAR RAPIDS
3494;SAM'S CLUB 6514 / WATERLOO;210 EAST TOWER PARK DR;WATERLOO
3644;WAL-MART 2764 / ALTOONA;3501  8TH ST SW;ALTOONA
2487;ANAMOSA FAMILY FOODS;402 EAST MAIN;ANAMOSA
2643;HY-VEE WINE AND SPIRITS / WATERLOO;2126 KIMBALL AVE;WATERLOO
4624;KWIK SHOP #568 / HIAWATHA;300 E BLAIRS FERRY RD;HIAWATHA
3728;BREWSKI'S BEVERAGE;726 CREEK TOP;COUNCIL BLUFFS
2599;HY-VEE WINE AND SPIRITS / CORALVILLE;1914 8TH STREET;CORALVILLE
3917;SMOKIN' JOE'S #2 TOBACCO AND LIQUOR;1606 W LOCUST ST;DAVENPORT
2606;HY-VEE WINE AND SPIRITS / HUMBOLDT;1011  13TH ST NORTH;HUMBOLDT
4414;KUM & GO #23 / NEOLA;29356 298TH ST;NEOLA
4934;CASEY'S GENERAL STORE #2811 / SPRING;605, 6TH ST S;SPRINGVILLE
4183;FAREWAY STORES #589 / DECORAH;103 E MAIN;DECORAH
3943;GOOD AND QUICK CO;519 LINCOLNWAY;NEVADA
4757;EZ MART / BONDURANT;1111 SE LINCOLN ST;BONDURANT
3529;A TO Z LIQUOR AND SMOKE SHOP;114 S SECOND;CHEROKEE
4677;COSTCO WHOLESALE #1111 / CORALVILLE;2900 HEARTLAND DR;CORALVILLE
2626;HY-VEE DRUGSTORE / UNIVERSITY / DSM;4100 UNIVERSITY AVE;DES MOINES
4718;WALGREENS #06623 / WEST DES MOINES;1660 22ND ST;WEST DES MOINES
3896;SMOKIN' JOE'S #18 TOBACCO AND LIQUOR;1901 BROADWAY ST;IOWA CITY
4648;PRIME MART / BROADWAY WATERLOO;508 BROADWAY ST;WATERLOO
4384;KUM & GO #2093 / ADEL;409 NILE KINNICK DR;ADEL
2835;CVS PHARMACY #8538 / CEDAR FALLS;2302 WEST FIRST ST;CEDAR FALLS
2191;KEOKUK SPIRITS;1013 MAIN;KEOKUK
3952;LOT-A-SPIRITS;3780 STATE ST;BETTENDORF
4969;LAKE LIQUORS WINE AND SPIRITS;910 N 8TH ST W;CLEAR LAKE
4725;CASEY'S GENERAL STORE #1548 / ANKENY;2905, W  1ST ST;ANKENY
2604;HY-VEE WINE AND SPIRITS / LEMARS;1201 12TH AVE SW;LEMARS
4069;FAREWAY STORES #648 / OTTUMWA;1325 ALBIA RD;OTTUMWA
3612;B AND C LIQUOR / MAQUOKETA;509 E PLATT;MAQUOKETA
4630;EZ STOP / DAVENPORT;2923 BRADY ST;DAVENPORT
2660;HY-VEE FOOD STORE / SIOUX CENTER;1951 S MAIN AVE;SIOUX CENTER
2573;HY-VEE FOOD STORE / MUSCATINE;2400 2ND AVE;MUSCATINE
2602;HY-VEE FOOD STORE / WEBSTER CITY;823  2ND ST;WEBSTER CITY
3869;BOOTLEGGIN' BARZINI'S FIN;412  1ST AVE;CORALVILLE
4803;WALGREENS #07453 / DES MOINES;104 E EUCLID AVE;DES MOINES
3390;OKOBOJI AVENUE LIQUOR;1610 OKOBOJI AVENUE;MILFORD
2616;HY-VEE FOOD AND DRUG / CLINTON;901 SOUTH 4TH ST;CLINTON
4879;SAM'S MINI MART / MORNINGSIDE AVE SI;4218 MORNINGSIDE AVE;SIOUX CITY
4011;JIM AND CHARLIES AFFILIATED;121 NORTH CLINTON;ALBIA
2662;HY-VEE WINE & SPIRITS / MUSCATINE;522 MULBERRY, SUITE A;MUSCATINE
2498;CHARLEY'S QUIK SHOP;910 MAIN ST;ARLINGTON
2132;SPIRITS AND SUCH;100 E ELM;WEST UNION
4366;KUM & GO #137 / TIFFIN;101 VILLAGE DR;TIFFIN
4311;FAREWAY STORES #508 / FORT DODGE;1231  1ST AVE S;FORT DODGE
4236;FAREWAY STORES #551 / EAGLE GROVE;205 NW  1ST ST;EAGLE GROVE
3632;WAL-MART 2004 / DUBUQUE;4200 DODGE ST;DUBUQUE
3805;WASHINGTON STREET MINI MART;1601 WASHINGTON ST;DAVENPORT
4340;DAHL'S FOODS / AMES;3121 GRAND AVE;AMES
4167;IOWA STREET MARKET, INC.;1256 IOWA ST;DUBUQUE
4998;LAKE CITY FOOD CENTER;820 E MAIN ST;LAKE CITY
4420;KUM & GO #38 / OTTUMWA;534 CHURCH ST;OTTUMWA
3738;HARTIG DRUG COMPANY #4 / DUBUQUE;2225 CENTRAL AVE;DUBUQUE
2508;HY-VEE FOOD STORE #1 / CEDAR RAPIDS;1843 JOHNSON AVENUE, N.W.;CEDAR RAPIDS
2536;HY-VEE / PLEASANT HILL;4815 MAPLE DRIVE;PLEASANT HILL
2624;HY-VEE #2 / DUBUQUE;2395 NW ARTERIAL RD;DUBUQUE
2565;HY-VEE FOOD STORE / SPENCER;819 N GRAND AVE;SPENCER
3354;SAM'S CLUB 8238 / DAVENPORT;3845 ELMORE AVE.;DAVENPORT
4574;THULORDS;413 BROAD ST;WHITTEMORE
3928;SMOKIN' JOE'S #12 TOBACCO AND LIQUOR;465 HWY 965 UNIT G;NORTH LIBERTY
2590;HY-VEE FOOD STORE #5 / CEDAR RAPIDS;3235 OAKLAND ROAD NE;CEDAR RAPIDS
2961;DAHL'S / EP TRUE / WDM;5003 E P TRUE PARKWAY;WEST DES MOINES
3521;AMERISTAR CASINO / COUNCIL BLUFFS;2200 RIVER ROAD;COUNCIL BLUFFS
3813;CGI FOODS;104 NORTH FILLMORE;MOUNT AYR
4209;WAL-MART 5748 / GRIMES;2150 EAST 1ST ST;GRIMES
2556;HY-VEE WINE AND SPIRITS / ESTHERVILL;2608 E. CENTRAL AVENUE;ESTHERVILLE
3576;LIQUOR STORE / HARTLEY;10  3RD ST NW;HARTLEY
3700;AVOCA LIQUOR;158 SOUTH ELM;AVOCA
2630;HY-VEE DRUGSTORE #2 / WDM;1010  60TH ST;WEST DES MOINES
2663;HY-VEE / URBANDALE;8701 DOUGLAS;URBANDALE
2500;HY-VEE FOOD STORE #1 / AMES;3800 W LINCOLN WAY;AMES
4146;FAREWAY STORES #561 / WAVERLY;220 W BREMER AVE;WAVERLY
3385;SAM'S CLUB 8162 / CEDAR RAPIDS;2605 BLAIRS FERRY RD NE;CEDAR RAPIDS
4252;FAREWAY STORES #840 / MONTICELLO;433 N FARLEY ST;MONTICELLO
4219;LAKE LIQUORS WINE AND SPIRITS;910 N 8TH ST W;CLEAR LAKE
3477;SAM'S CLUB 6472 / COUNCIL BLUFFS;3221 MANAWA CENTRE DR;COUNCIL BLUFFS
2502;HY-VEE WINE AND SPIRITS / ANKENY;410 NORTH ANKENY BLVD;ANKENY
4297;DISCOUNT LIQUOR / CEDAR RAPIDS;2933  1ST AVE SE;CEDAR RAPIDS
5110;RAMSEY'S MARKET LIQUOR;200, N WALNUT ST;LENOX
2614;HY-VEE #3 FOOD AND DRUGSTORE;1823 E KIMBERLY RD;DAVENPORT
2655;HY-VEE FOOD STORE / CLARINDA;1200 S 16TH ST;CLARINDA
4455;KUM & GO #1959 / ELDORA;2359 EDGINGTON AVE;ELDORA
4481;THE LIQUOR HOUSE;425 GILBERT ST;IOWA CITY
3970;THE LIQUOR CABINET, INC.;835 6 ST, STE 1;NEVADA
4819;SUPER STOP 2 / ALTOONA;2635 ADVENTURELAND DR;ALTOONA
4419;KUM & GO #4 / LAMONI;2091 E MAIN ST;LAMONI
4794;SMOKIN' JOE'S #17 TOBACCO AND LIQUOR;110 S ROOSEVELT HWY 61;BURLINGTON
4257;BROADWAY LIQUOR;821 BROADWAY;WATERLOO
3740;HOMETOWN FOODS / WATERLOO;1010 E MITCHELL AVE;WATERLOO
4336;LAST CALL 2;120 N MAIN ST;GEORGE
3858;HAROLDS JACK N JILL / DAVENPORT;6723 NW BLVD UNIT 2;DAVENPORT
2527;HY-VEE FOOD STORE #5 / DES MOINES;1107 SE ARMY POST RD;DES MOINES
4833;CRAZY MARY'S LICKER;1804 135TH AVE;MURRAY
2601;HY-VEE FOOD STORE / FAIRFIELD;1300 WEST BURLINGTON AVE;FAIRFIELD
2638;HY-VEE WINE AND SPIRITS / CEDAR FALL;5925 UNIVERSITY AVE STE A;CEDAR FALLS
4797;WALGREENS #05362 / DES MOINES;1330 E UNIVERSITY AVE;DES MOINES
2587;HY-VEE FOOD STORE / JOHNSTON;5750 MERLE HAY ROAD;JOHNSTON
4104;FAREWAY STORES #491 / MASON CITY;400 NORTH DELAWARE AVE;MASON CITY
4294;LENA'S LIQUORS;1544 SUPERIOR ST;WEBSTER CITY
4223;STATION MART LIQUOR AND TOBACCO;1119 RIVER FOREST RD;EVANSDALE
3778;FAMILY PANTRY;4538 LOWER BEAVER RD;DES MOINES
3054;MCNALLY'S SUPER VALU;1026 MAIN;GRINNELL
4346;ROY'S FOODLAND;105 PEARL ST;SHELLSBURG
2649;HY-VEE #3 / DUBUQUE;400 LOCUST ST;DUBUQUE
4592;DYNO'S #29 / EMMETSBURG;2401, MAIN;EMMETSBURG
4021;WAL-MART 0985 / FAIRFIELD;2701 W BURLINGTON AVE;FAIRFIELD
3704;CELTICS BEVERAGE COMPANY;1122 BROADWAY;EMMETSBURG
4299;HOMETOWN MARKET / CENTRAL CITY;9 WATERHOUSE AVE;CENTRAL CITY
5034;LIQUOR TOBACCO & GROCERIES;18 N MONROE AVE;MASON CITY
3962;DURANT STREET COUNTRY STOP;618 DURANT ST;HARLAN
2506;HY-VEE #1044 / BURLINGTON;3140 AGENCY;BURLINGTON
2553;HY-VEE FOOD STORE / CRESTON;600 SHELDON;CRESTON
3849;HARTIG DRUG CO #6 / DYERSVILLE;711  16TH AVE SE;DYERSVILLE
3816;SWILS;200 E OAK ST;RED OAK
2635;HY-VEE #4 / DAVENPORT;4064 E 53RD ST;DAVENPORT
4131;FAREWAY STORES #933 / URBANDALE;8450 MEREDITH DR;URBANDALE
3910;RIVERSIDE CASINO AND RESORT;3184 HIGHWAY 22;RIVERSIDE
3696;WAL-MART 1723 / DES MOINES;5101 SE 14TH ST;DES MOINES
2509;HY-VEE / DRUGTOWN #1 / CEDAR RAPIDS;1520 6TH ST SW;CEDAR RAPIDS
4688;WALGREENS #10770 / CARROLL;105 E 6TH ST;CARROLL
4626;KWIK SHOP #527 / COUNCIL BLUFFS;3632, AVENUE G;COUNCIL BLUFFS
2633;HY-VEE #3 / BDI / DES MOINES;3221 SE 14TH ST;DES MOINES
5093;CODY MART;1220 N CODY RD;LE CLAIRE
3721;WAL-MART 0913 / DECORAH;1798 OLD STAGE RD;DECORAH
2665;HY-VEE / WAUKEE;1005 E HICKMAN RD;WAUKEE
2558;HY-VEE FOOD STORE / MOUNT PLEASANT;1700 E WASHINGTON;MOUNT PLEASANT
2593;HY-VEE FOOD STORE / CARROLL;905 US HIGHWAY 30 WEST;CARROLL
3773;BENZ DISTRIBUTING;501 7TH AVE SE;CEDAR RAPIDS
2594;HY-VEE FOOD STORE / SIOUX CITY;4500 SERGEANT ROAD;SIOUX CITY
2954;DAHL'S / INGERSOLL;3425 INGERSOLL;DES MOINES
2621;HY-VEE FOOD STORE #3 / SIOUX CITY;3301 GORDON DR;SIOUX CITY
2190;CENTRAL CITY LIQUOR, INC.;1460 2ND AVE;DES MOINES
4559;OSAGE PAYLESS FOODS;633, CHASE ST;OSAGE
2205;DING'S HONK AND HOLLER;900 E WASHINGTON;CLARINDA
4247;FAREWAY STORES #879 / BELMOND;115 SECOND  AVE SE;BELMOND
2647;HY-VEE #7 / CEDAR RAPIDS;5050 EDGEWOOD RD;CEDAR RAPIDS
2618;HY-VEE DRUGSTORE #6 / CEDAR RAPIDS;505 BOYSON RD NE;CEDAR RAPIDS
4148;FAREWAY STORES #479 / INDEPENDENCE;1400 3RD AVE SE;INDEPENDENCE
2522;HY-VEE WINE AND SPIRITS / SPIRIT LAK;HWY 9 & 71;SPIRIT LAKE
4265;KWIK STOP 3 / WATERLOO;1104 WASHINGTON ST;WATERLOO
2623;HY-VEE FOOD STORE #4 / SIOUX CITY;2827 HAMILTON BLVD;SIOUX CITY
5105;JOHNCY'S LIQUOR STORE;585, HIGHWAY 965;NORTH LIBERTY
3783;DYNO'S WINE AND SPIRITS / POCAHONTAS;14 1/2 E ELM;POCAHONTAS
4404;KUM & GO #292 / ANKENY;1825 N ANKENY BLVD;ANKENY
2672;HY-VEE / WINTERSET;923 N  1ST ST;WINTERSET
3461;HOMETOWN FOODS / STUART;611 S DIVISION ST;STUART
4988;HAPPY'S WINE & SPIRITS;5925 UNIVERSITY AVE;CEDAR FALLS
2605;HY-VEE DRUGSTORE #5 / CEDAR RAPIDS;2001 BLAIRS FERRY ROAD NE;CEDAR RAPIDS
4681;SPIRITS & SUCH;100 E ELM ST;WEST UNION
2953;DAHL'S / E. EUCLID;1320 E. EUCLID;DES MOINES
4006;LARCHWOOD OFFSALE;913 BROWN ST PO BOX 326;LARCHWOOD
4349;SOUTHSIDE FOOD MART;1101 ARMY POST RD;DES MOINES
3890;SMOKIN' JOE'S #7 TOBACCO AND LIQUOR;904  1ST AVE NW;CEDAR RAPIDS
2625;HY-VEE WINE AND SPIRITS #2;3301 W KIMBERLY RD;DAVENPORT
4586;KUM & GO #545 / ROCKWELL CITY;730 HIGH ST;ROCKWELL CITY
2460;LIQUOR BARN, INC.;721 CENTRAL AVENUE WEST;HAMPTON
4835;POINT LIQUOR & TOBACCO;4107 CENTER POINT RD NE;CEDAR RAPIDS
4764;NEW STAR / FORT DODGE;1923 5TH AVE S;FORT DODGE
4012;FAST MART;1401 BUCHANAN ST;DES MOINES
4604;PIT STOP LIQUORS / NEWTON;1324, 1ST AVE E;NEWTON
3692;WILKIE LIQUORS;724  1ST ST E;MT VERNON
3833;WAL-MART 3394 / ATLANTIC;1905 EAST 7TH ST;ATLANTIC
4558;KUM & GO #226 / SIOUX CITY;1373 PIERCE ST;SIOUX CITY
4485;DYNO'S 51 / SANBORN;101 W 7TH ST;SANBORN
4589;DYNO'S #53 / SIBLEY;1026 2ND AVE;SIBLEY
2582;HY-VEE #2 FOOD STORE / MASON CITY;551 S ILLINOIS AVE;MASON CITY
2521;HY-VEE FOOD AND DRUG / GRAND / WDM;1990 GRAND AVENUE;WEST DES MOINES
4987;ALMOST ALWAYS OPEN;419 LINCOLN WAY;AMES
4277;CORK IT!;769 PROSPECT ST SW;LE MARS
3618;WAL-MART 2716 / CEDAR RAPIDS;3601 29TH AVE SW;CEDAR RAPIDS
2538;HY-VEE FOOD STORE #3 / WATERLOO;1422 FLAMMANG DR;WATERLOO
3959;HARTIG DRUG COMPANY #8 / UNIVERSITY;1600 UNIVERSITY AVE;DUBUQUE
4156;FAREWAY STORES #412 / OELWEIN;102  2ND AVE SE;OELWEIN
4483;SAUCE;108 E COLLEGE;IOWA CITY
3698;INGERSOLL WINE MERCHANTS;1300  50TH ST;WEST DES MOINES
2367;SPENCER'S GROCERY;101 SOUTH BURNETT;SHENANDOAH
3899;WAL-MART 3762 / WDM;6365 STAGECOACH DR;WEST DES MOINES
3525;WINES AND SPIRITS;106 W 2ND ST;WASHINGTON
4068;SA PETRO MART;136  1ST ST;WEST DES MOINES
4899;GRAETTINGER MARKET;124, W ROBINS ST;GRAETTINGER
3853;RAM LIQUOR MART;3108 WEST CENTRAL PARK AVE #2;DAVENPORT
3888;WAL-MART 0647 / GRINNELL;415 INDUSTRIAL AVE;GRINNELL
4818;DECORAH MART;303, COLLEGE DR;DECORAH
3820;CHARLIE'S WINE AND SPIRITS,;507 W 19TH ST;SIOUX CITY
2666;HY-VEE #2 / ANKENY;2510 SW STATE ST;ANKENY
2543;HY-VEE FOOD STORE #1 / OTTUMWA;1025 NORTH QUINCY AVE;OTTUWMA
4829;CENTRAL CITY 2;1501 MICHIGAN AVE;DES MOINES
2130;SYCAMORE CONVENIENCE;617 SYCAMORE;WATERLOO
5104;RUSTIC LURE WINE AND SPIRITS;72, N OKOBOJI GROVE RD;ARNOLD'S PARK
4686;SUNNY'S MART / CLINTON;630 N 3RD ST;CLINTON
2652;HY-VEE DRUGSTORE / MASON CITY;875  4TH ST SW;MASON CITY
4984;FAST AVE ONE STOP;2111 PARK AVE;MUSCATINE
4344;SPIRITS / GRIMES;109 EAST 1ST ST STE B;GRIMES
4619;SMOKIN' JOE'S #3 TOBACCO AND LIQUOR;1737 AVE H;FORT MADISON
4545;FILL R UP;14151 WABASH AVE;COUNCIL BLUFFS
2962;DAHL'S / JOHNSTON;5440 NW 86TH ST;JOHNSTON
2550;HY-VEE FOOD STORE / OSCEOLA;510 WEST MCLANE;OSCEOLA
2510;HY-VEE DRUGSTORE #3 / CEDAR RAPIDS;2405 MT VERNON RD SE;CEDAR RAPIDS
2597;HY-VEE FOOD STORE / CHEROKEE;1300 N. SECOND;CHEROKEE
3808;THRIFTWAY;300  4TH ST;LA PORTE CITY
2568;HY-VEE FOOD STORE #4 / CEDAR RAPIDS;1556 FIRST AVENUE NE;CEDAR RAPIDS
4312;I-80 LIQUOR / COUNCIL BLUFFS;2411 S 24TH ST #1;COUNCIL BLUFFS
4165;I-35 SPIRITS / ANKENY;113 SE DELAWARE AVE STE 101;ANKENY
3663;WAL-MART 1496 / WATERLOO;1334 FLAMMANG DR;WATERLOO
3761;CHEESE'S FOOD CENTER;200 N WALNUT ST;LENOX
2595;HY-VEE WINE AND SPIRITS / DENISON;1620  4TH AVE, SOUTH;DENISON
3417;BIG G FOOD STORE;PO BOX 261  310 W DILLON;MARENGO
4075;ALI'S WEST SIDE LIQUOR;919 W 5TH ST;WATERLOO
4295;NAT FOOD MART #1 / HUBBELL;3804 HUBBELL;DES MOINES
3690;TARGET STORE T-1792 / WATERLOO;1501 E SAN MARNAN;WATERLOO
4246;FAREWAY STORES #938 / SHENANDOAH;1007 S FREMONT ST;SHENANDOAH
3916;SMOKIN' JOE'S #5 TOBACCO AND LIQUOR;1115 ALBIA RD;OTTUMWA
4444;KUM & GO #4127 / SLOAN;1864 HWY 141;SLOAN
4273;SMOKIN' JOE'S #4 TOBACCO AND LIQUOR;2800 E UNIVERSITY AVE;DES MOINES
2561;HY-VEE FOOD STORE / FLEUR / DSM;4605 FLEUR DRIVE;DES MOINES
4034;SPICE-N-ICE;123 N LAWLER ST;POSTVILLE
2634;HY-VEE WINE AND SPIRITS / AMES;3615 LINCOLN WAY;AMES
2596;HY-VEE / REGAL LIQUORS AND VIDEO;2453 NORTH COURT;OTTUMWA
4229;FAREWAY STORES #790 / HARLAN;1910  23RD ST;HARLAN
2578;HY-VEE / CHARLES CITY;901 KELLY ST;CHARLES CITY
2572;HY-VEE FOOD STORE / CEDAR FALLS;6301 UNIVERSITY;CEDAR FALLS
4303;MEPO FOODS;111 N WAPELLO;MEDIAPOLIS
4258;FAREWAY STORES #009 / BURLINGTON;920 LAWRENCE DR;BURLINGTON
2501;HY-VEE  #2 / AMES;640 LINCOLNWAY;AMES
4114;AFTER 5 SOMEWHERE;704 W 7TH ST PO BOX 372;ATLANTIC
2529;HY-VEE DRUGSTORE #4 / CEDAR RAPIDS;4825 JOHNSON AVE NW;CEDAR RAPIDS
2555;HY-VEE FOOD STORE / KEOKUK;3111 MAIN;KEOKUK
4939;URBAN LIQUOR;6401 DOUGLAS AVE   STE 1;URBANDALE
2653;HY-VEE WINE AND SPIRITS / WASHINGTON;1004 W MADISON ST;WASHINGTON
3763;MAIN STREET LIQUORS / HAWARDEN;911 CENTRAL AVE;HAWARDEN
4134;PLEASANTVILLE GROCERY;105 W MONROE ST;PLEASANTVILLE
3877;TARGET STORE T-2041 / DES MOINES;5901 DOUGLAS AVE;DES MOINES
2847;CVS PHARMACY #10032 / MARION;3499, 7TH AVE;MARION
4171;BROTHERS MARKET, INC. / CASCADE;105 SE NIXON ST;CASCADE
2532;HY-VEE FOOD STORE #2 / DES MOINES;2540 E EUCLID;DES MOINES
3972;HOMETOWN FOODS / HUBBARD;210 MAPLE ST BOX 295;HUBBARD
4081;HARLAN'S FOOD MART;306 WASHINGTON;STORY CITY
2564;HY-VEE FOOD STORE #4 / WATERLOO;4000 UNIVERSITY;WATERLOO
4588;SAM'S MINI MART / SIOUX CITY;923, W 7TH ST;SIOUX CITY
3774;EAGLE COUNTRY MARKET / DUBUQUE;1800 ELM ST;DUBUQUE
4674;KUM & GO #227 / AMES;2108 ISSAC NEWTON DR;AMES
4883;K & L FOODS;118, S MAIN ST;SIGOURNEY
3400;LAST STOP BEVERAGE SHOP;2839 E. UNIVERSITY;DES MOINES
3963;TOBACCO HUT #14 / COUNCIL BLUFFS;1925 W BROADWAY;COUNCIL BLUFFS
3691;TARGET STORE T-1791 / URBANDALE;11148 PLUM DR;URBANDALE
4867;SPEEDY GAS N SHOP;430, S 35TH ST;COUNCIL BLUFFS
3676;T AND M FOODS;107 E TRAER;GREENE
4004;WAL-MART 4256 / AMES;534 S DUFF AVE;AMES
3784;HARTIG DRUG #14 / INDEPENDENCE;200  1ST ST EAST;INDEPENDENCE
4640;MART STOP #1 / DAVENPORT;3527, SPRING ST;DAVENPORT
4027;WAL-MART 1621 / CENTERVILLE;23148 HWY 5;CENTERVILLE
3726;WAL-MART 1285 / OTTUMWA;1940 VENTURE DR;OTTUMWA
4617;LICKETY LIQUOR;2501 HUBBELL AVE;DES MOINES
4215;NEW STAR MARKET #1 / WATERLOO;9 N ELK RUN RD;WATERLOO
3622;WAL-MART 1415 / SPIRIT LAKE;2600 HWY 71;SPIRIT LAKE
3842;BANCROFT LIQUOR STORE;107 N PORTLAND ST PO BX 222;BANCROFT
3769;WAL-MART 0753 / CEDAR FALL;525 BRANDILYNN BLVD;CEDAR FALLS
3670;WAL-MART 2827 / CORALVILLE;2801 COMMERCE DR;CORALVILLE
3616;LAURENS FOOD PRIDE;410 W MAIN ST;LAURENS
3981;WAL-MART 1152 / SIOUX CENTER;255 16TH ST SW;SIOUX CENTER
2629;HY-VEE FOOD STORE #2 / COUNCIL BLUFF;1745 MADISON AVE;COUNCIL BLUFFS
3912;SMOKIN' JOE'S #14 TOBACCO AND LIQUOR;225 EDGEWOOD RD;CEDAR RAPIDS
3909;D AND S GROCERY;104 SE  A ST;MELCHER-DALLAS
2622;HY-VEE FOOD STORE / IOWA CITY;1125 N DODGE ST;IOWA CITY
4538;K & S GROCERY;402 NORTH MAIN ST;CLARKSVILLE
4347;JEFF'S MARKET / BLUE GRASS;102 W MAYNE;BLUE GRASS
4467;KUM & GO #438 / MUSCATINE;1010 PARK AVE;MUSCATINE
4010;NEWMAN'S THRIFTWAY;900 S LOCUST ST;GLENWOOD
3819;QUILLINS DECORAH;915 SHORT ST;DECORAH
5031;NEW STAR RAYMOND;101 COMMERCIAL ST;RAYMOND
3881;7 RAYOS LIQUOR STORE;120 E MAIN ST;MARSHALLTOWN
3857;QUILLINS FOOD RANCH / WAUKON;9TH ST SW B;WAUKON
3707;TARGET STORE T-1768 / CEDAR RAPIDS;1030 BLAIRS FERRY RD NE;CEDAR RAPIDS
2560;HY-VEE FOOD STORE / MARION;3600 BUSINESS HWY 151 EAST;MARION
4612;ATC LIQUOR;214, MYRTLE ST;DAVENPORT
4957;KIMMES WALL LAKE COUNTRY STORE;129 CENTER ST;WALL LAKE
4253;FAREWAY STORES #683 / WINTERSET;719 W HWY 92;WINTERSET
4874;Z'S QUICKBREAK;201, E WASHINGTON ST;MOUNT PLEASANT
4662;GUPPY'S ON THE GO / CEDAR RAPIDS;1532, ELLIS BLVD NW;CEDAR RAPIDS
3719;WAL-MART 0581 / MARSHALLTOWN;2802 S CENTER ST;MARSHALLTOWN
3045;BRITT FOOD CENTER;8 2ND ST NW;BRITT
3536;GENO'S LIQUOR;111 S COMMERCIAL AVE;EAGLE GROVE
3584;L AND M BEVERAGE;1011 S FREDERICK M/A PO BX 572;OELWEIN
4694;RINA MART LLC / DAVENPORT;3815, WEST KIMBERLY RD;DAVENPORT
2539;HY-VEE FOOD STORE / IOWA FALLS;HIGHWAY 65 SOUTH;IOWA FALLS
2505;HY-VEE WINE AND SPIRITS / BOONE;1111  8TH ST;BOONE
4439;CENTER POINT FOODS;800 FORD LANE;CENTER POINT
4164;EXPO MART / BETTENDORF;1810 STATE ST;BETTENDORF
4269;TIPTON FAMILY FOODS;610 CEDAR ST;TIPTON
3757;WAL-MART 3590 / SIOUX CITY;3101 FLOYD BLVD;SIOUX CITY
4317;FAREWAY STORES #941 / GREENFIELD;212 SW KENT;GREENFIELD
2513;HY-VEE FOOD STORE #2 / IOWA CITY;812  S 1ST AVE;IOWA CITY
2552;HY-VEE FOOD STORE #3 / CEDAR RAPIDS;20 WILSON AVENUE WEST;CEDAR RAPIDS
3440;HAWKEYE PANTRY;501 LOCUST ST;DES MOINES
4451;KUM & GO #96 / WEBSTER CITY;1803 SUPERIOR ST;WEBSTER CITY
2603;HY-VEE WINE AND SPIRITS / BETTENDORF;2890 DEVILS GLEN ROAD;BETTENDORF
2545;HY-VEE DRUGSTORE / IOWA CITY;310 N 1ST ST;IOWA CITY
4307;CROSSROADS WINE AND LIQUOR;117 IOWA AVE;DUNLAP
4487;CASEY'S GENERAL STORE #2787 / CEDAR;1661 32ND ST NE;CEDAR RAPIDS
3352;CORK 'N' BOTTLE;900 EAST MAIN ST.;MANCHESTER
4097;SCHLESWIG FOODS AND SPIRITS;108  2ND ST;SCHLESWIG
2465;SID'S BEVERAGE SHOP;2727 DODGE ST;DUBUQUE
3565;HARTIG DRUG STORE #10;701 MORMON TREK BLVD;IOWA CITY
4015;WAL-MART 0749 / AMES;3015 GRAND AVE;AMES
4804;WALGREENS #07833 / DES MOINES;3501 INGERSOLL AVE;DES MOINES
2627;HY-VEE WINE AND SPIRITS #1;3424 MARTIN LUTHER KING JR PKW;DES MOINES
2523;HY-VEE FOOD STORE / CENTERVILLE;414 N 18TH ST;CENTERVILLE
4932;B AND B WEST;3105 HUDSON RD;CEDAR FALLS
4080;FIVE CORNERS LIQUOR AND WIN;809 EAST 18 ST;CEDAR FALLS
4023;WAL-MART 1389 / BOONE;1515 SE MARSHALL ST;BOONE
3041;SHUGAR'S SUPER VALU / COLFAX;28 E HOWARD;COLFAX
2567;HY-VEE DRUGSTORE / DAVENPORT;2200 WEST KIMBERLY;DAVENPORT
2592;HY-VEE DRUGSTORE / MARSHALLTOWN;1712 S CENTER  ST;MARSHALLTOWN
4193;HARTLEY WINE AND SPIRITS;361  3RD ST NW;HARTLEY
3629;WAL-MART 1965 / COUNCIL BLUFFS;3200 MANAWA DR;COUNCIL BLUFFS
4373;KUM & GO #74 / WEST DES MOINES;141 S JORDAN CREEK PKWY;WEST DES MOINES
4736;WALGREENS #03876 / MARION;1225 7TH AVE;MARION
3162;NASH FINCH / WHOLESALE FOOD;807 GRANDVIEW;MUSCATINE
3986;SIOUXLAND BEVERAGE;1203 5 ST;SIOUX CITY
3682;JUMBO'S;110 E MAIN ST;WESLEY
3563;WAL-MART 0559 / MUSCATINE;3003 NORTH HWY 61;MUSCATINE
2959;DAHL'S / MERLE HAY;4343 MERLE HAY ROAD;DES MOINES
3679;FRANKLIN STREET FLORAL & GIFT;103 FRANKLIN ST;MONONA
4448;KUM & GO #572 / URBANDALE;4860 NW URBANDALE DR;URBANDALE
4109;BEST TRIP;1516 SE 1ST;DES MOINES
4653;CASEY'S GENERAL STORE #1617 / JEFFER;508, N ELM;JEFFERSON
5001;THE MUSIC STATION / INDEPENDENCE;709 FIRST ST W;INDEPENDENCE
4877;WORLD LIQUOR & TOBACCO;1775 NW 86TH ST;CLIVE
3973;MMDG SPIRITS / AMES;126A WELCH AVE;AMES
4189;FAREWAY STORES #594 / MANCHESTER;109 EAST MARION ST;MANCHESTER
3855;DYNO'S WINE AND SPIRITS / STORM LAKE;1201 1/2 LAKESHORE DR;STORM LAKE
4353;KUM & GO #302 / CLEAR LAKE;2905 FOURTH AVE;CLEAR LAKE
3782;BENDER FOODS / GUTTENBURG;619 S HWY 52;GUTTENBURG
3818;ROUND WINDOW LIQUOR;703 W PLEASANT ST;KNOXVILLE
3920;SMOKIN' JOE'S #11 TOBACCO AND LIQUOR;1606 CAMANCHE AVE;CLINTON
4007;BROCKMANS;109 E MAIN ST;OSSIAN
2248;INGERSOLL LIQUOR AND BEVERAGE;3500 INGERSOLL AVE;DES MOINES
4197;FAREWAY STORES #014 / SERGEANT BLUFF;700  1ST ST;SERGEANT BLUFF
3664;SHADE TREE LIQUORS;90 10TH ST S;NORTHWOOD
4672;THE PIT STOP / RIVER CITY LIQUOR;402 S HWY 52;GUTTENBERG
3592;WAL-MART 0886 / FORT DODGE;3036 1ST AVE SOUTH;FORT DODGE
4118;LAKE VIEW REDEMPTION CENTER;502 5TH STREET;LAKE VIEW
2644;HY-VEE FORT DODGE WINE AND SPIRITS;1511 2ND AVE NORTH;FORT DODGE
3789;WAL-MART 1393 / OSKALOOSA;2203 A AVENUE WEST;OSKALOOSA
4296;CIRCLE B MARKET;111 MAIN ST;KEOSAUQUA
2113;JAMBOREE FOODS;1119 MARKET ST. BOX 71;GOWRIE
3723;J D SPIRITS LIQUOR;1023  9TH ST;ONAWA
3811;WAL-MART 1431 / KEOKUK;300 NORTH PARK DR;KEOKUK
4108;OASIS GROCERY AND LIQUOR /;2917 PAYNE;DES MOINES
4331;MOORE'S FOODS;303 HIGHWAY 150 N;WEST UNION
2562;HY-VEE FOOD STORE / FORT DODGE;115 SOUTH 29TH ST;FORT DODGE
4464;PERFECT VALUE LIQUOR MART;5B  LINCOLN AVE;ELDRIDGE
2659;HY-VEE FOOD STORE / CORYDON;303 E JEFFERSON ST;CORYDON
4413;KUM & GO #439 / WAPELLO;303 US HWY 61 N;WAPELLO
2514;HY-VEE DRUGSTORE / MARION;2790 7TH AVENUE;MARION
4170;DEWEY'S JACK AND JILL;115 E MAIN ST  PO BOX 359;WEST BRANCH
3830;WAL-MART 1435 / CRESTON;806 LAUREL ST;CRESTON
2512;HY-VEE WINE AND SPIRITS / IOWA CITY;1720 WATERFRONT DR;IOWA CITY
4014;WAL-MART 1732 / DENISON;510 C AVE;DENISON
3645;WAL-MART 1764 / WINDSOR HEIGHTS;1001  73RD ST;WINDSOR HEIGHTS
4583;KUM & GO #5100 / MANSON;208 MAIN ST;MANSON
3859;WAL-MART 0750 / INDEPENDENCE;302 ENTERPRISE DR SW;INDEPENDENCE
3762;WINE AND SPIRITS GALLERY;7690 HICKMAN RD;WINDSOR HEIGHTS
2571;HY-VEE FOOD STORE #2 / WATERLOO;2181 LOGAN AVE;WATERLOO
4129;CYCLONE LIQUORS;626 LINCOLN WAY;AMES
2106;HILLSTREET NEWS AND TOBACCO;2217 COLLEGE;CEDAR FALLS
4641;KUM & GO #573 / SE 14TH DM;5830 SE 14TH ST;DES MOINES
2290;AL'S LIQUORS UNLIMITED;215 WEST MILWAUKEE;STORM LAKE
2228;RODGERS SPIRITS AND MORE;53 GREEN ST;WINTERSET
3495;GREAT PASTIMES;228 N MAIN ST;MONTICELLO
4186;H AND A MINI MART / PHILLIPS 66;5901 FLEUR DR;DES MOINES
4949;RIVER DRIVE SMOKE SHOP;828, W RIVER DR;DAVENPORT
4251;AJ'S LIQUOR / AMES;4518 MORTENSON RD STE 109;AMES
3829;GARY'S FOODS / MT VERNON;715  1ST AVE S;MOUNT VERNON
4743;NO FRILLS SUPERMARKETS #791 / COUNCI;1801 VALLEY VIEW DR;COUNCIL BLUFFS
4594;QUIK TRIP #554 / SW 63RD DM;901 SW 63RD ST;DES MOINES
5123;PRICE CHOPPER  /  CLIVE;15500 W  HICKMAN RD;CLIVE
3621;JENSEN LIQUORS, LTD.;615  2ND AVE;SHELDON
4112;CORRIDOR VENTURES;618 MEADE DR;NORTH LIBERTY
2548;HY-VEE FOOD STORE / ALTOONA;100 8TH STREET SW;ALTOONA
2648;HY-VEE #4 / WDM;555 S 51ST ST;WEST DES MOINES
4083;FAREWAY STORES #909 / ANKENY;109 SE ORALABOR RD;ANKENY
4900;KWIK STOP 4 / WATERLOO;515 BROADWAY ST;WATERLOO
4291;FAREWAY STORES #597 / CRESTON;105 E ADAMS ST;CRESTON
5045;CENTRAL MART / HAMILTON BLVD;800 HAMILTON BLVD;SIOUX CITY
3894;SMOKIN' JOE'S #6 TOBACCO AND LIQUOR;1404  1ST AVE NE;CEDAR RAPIDS
4098;WAL-MART 1475 / WASHINGTON;2485 HWY 92;WASHINGTON
3650;SPIRITS, STOGIES AND STUFF;118 SOUTH MAIN ST.;HOLSTEIN
4462;SHELTON'S;113, 1ST ST NW;BUFFALO CENTER
4876;QUICK MART / HIAWATHA;655, ROBBINS RD;HIAWATHA
4276;WJ'S LIQUOR;107 N MILL ST;LAKE MILLS
4173;L AND K LIQUOR;132 NORTH MAIN ST PO BOX 306;PAULLINA
3524;SAM'S CLUB 6568 / AMES;305 AIRPORT RD;AMES
3488;BENDER'S FOODS;400 S SECOND;BELLEVUE
4453;SID'S GAS AND GROCERIES;1116, HWY 69 SOUTH;FOREST CITY
2575;HY-VEE FOOD STORE #1 / WATERLOO;2834 ANSBOROUGH AVE;WATERLOO
5125;CASH SAVER  /  E EUCLID AVE;1320 E  EUCLID AVE;DES MOINES
2612;HY-VEE STORE / PERRY;1215  141 ST;PERRY
2650;HY-VEE WINE AND SPIRITS / HARLAN;1808 23RD ST;HARLAN
4974;SUPER STOP  SE 14TH;727, SE  14TH ST;DES MOINES
4572;GRUNDY CENTER FAMILY FOODS;1400, G AVE;GRUNDY CENTER
4222;STATION MART LIQUOR AND TOBBACCO;3594 LAFAYETTE ST;EVANSDALE
4556;CASEY'S GENERAL STORE #2552 / GOLDFI;319 E HWY 3;GOLDFIELD
4857;WESTLAND FAST BREAK;1108 W AGENCY RD;WEST BURLINGTON
4046;J AND K MARKET;113 W VANBUREN;CENTERVILLE
4379;KUM & GO #2091 / ASHWORTH / WDM;5969 ASHWORTH RD;WEST DES MOINES
4025;KARAM KAUR KHASRIYA LLC;702 13TH ST;BELLE PLAINE
3514;KAREN'S SPIRITS AND WINE;328  2ND AVE S;FORT DODGE
2588;HY-VEE FOOD AND DRUG #6 / CEDAR RAPI;4035 MT. VERNON ROAD S.E.;CEDAR RAPIDS
2517;HY-VEE FOOD STORE #1 / NEWTON;1501 FIRST AVENUE EAST;NEWTON
2528;HY-VEE FOOD STORE #3 / DES MOINES;3221 SE 14TH ST;DES MOINES
2518;HY-VEE WINE AND SPIRITS / RED OAK;1607 NORTH BROADWAY;RED OAK
4644;KWIK SHOP #588 / DAVENPORT;1136, E LOCUST ST;DAVENPORT
4073;UPTOWN LIQUOR, LLC;306 HWY 69 SOUTH;FOREST CITY
2651;HY-VEE / WAVERLY;1311 4 STREET SW;WAVERLY
4177;GOOD LUCK, INC.;806 W MAIN ST;LE GRAND
4807;WILLIAMSBURG FOODS;103, W WALNUT ST;WILLIAMSBURG
2613;HY-VEE FOOD STORE #1 / COUNCIL BLUFF;2323 W BROADWAY;COUNCIL BLUFFS
3735;C B LIQUOR;1202 A AVE EAST;OSKALOOSA
2515;HY-VEE FOOD STORE #1 / MASON CITY;2400 4TH ST SW;MASON CITY
4708;NO FRILLS SUPERMARKETS #803 / GLENWO;423 SHARP ST;GLENWOOD
3841;HARTIG DRUG COMPANY #2 / LOCUST;157 LOCUST ST;DUBUQUE
3806;TARGET STORE T-1901 / WDM;5405 MILLS CIVIC PKWY;WEST DES MOINES
3995;BARMUDA DISTRIBUTION;6027 UNIVERSITY AVE STE 100;CEDAR FALLS
4382;KUM & GO #8 / 8TH ST / WDM;1293 8TH AVE;WEST DES MOINES
4188;MAIN ST. MARKET, INC.;882 MAIN ST;HOLY CROSS
4597;QUIK TRIP #523 / ARMY POST DM;850 ARMY POST RD;DES MOINES
4163;FAREWAY STORES #461 / STORM LAKE;731 SENECA ST;STORM LAKE
4742;NO FRILLS SUPERMARKETS #786 / COUNCI;1817, W BROADWAY;COUNCIL BLUFFS
4092;FAREWAY STORES #077 / NORWALK;1711 SUNSET DR;NORWALK
3065;MONTEZUMA SUPER VALU;201 S FRONT ST;MONTEZUMA
2836;CVS PHARMACY #8546 / WATERLOO;205 FRANKLIN ST;WATERLOO
4691;RAILROAD STREET TOBACCO AND SPIRITS;701 RAILROAD ST;IOWA FALLS
3456;QUICK SHOP / CLEAR LAKE;904 N 8TH ST;CLEAR LAKE
4933;RIVER MART;2107 AGENCY ST;BURLINGTON
4996;KWIK STOP 16TH ST #300;1215 E 16TH ST;DUBUQUE
4729;NO FRILLS SUPERMARKETS #790 / DENISO;501 HIGHWAY 39 NORTH;DENISON
3766;KOLBY'S LIQUOR STORE;419 W MILWAUKEE;NEW HAMPTON
3651;WAL-MART 1491 / INDIANOLA;1500 NORTH JEFFERSON;INDIANOLA
4062;H AND A MINI MART CORP;145 UNIVERSITY AVE;DES MOINES
4495;CASEY'S GENERAL STORE #3055 / GRUNDY;504, G AVE;GRUNDY CENTER
3465;HOMETOWN FOODS / PANORA;601 E MAIN;PANORA
3420;SAM'S CLUB 6344 / WINDSOR HEIGHTS;1101  73RD STREET;WINDSOR HEIGHTS
4260;FAREWAY STORES #699 / OSCEOLA;215 S MAIN ST;OSCEOLA
5027;HARD ROCK HOTEL & CASINO SIOUX CITY;111 3RD ST;SIOUX CITY
3731;WAL-MART 1241 / DAVENPORT;5811 ELMORE AVE;DAVENPORT
3797;THE LIQUOR STORE / DAVENPORT;211  W 53RD ST;DAVENPORT
4138;FAREWAY STORES #657 / INDIANOLA;1309 W 2ND;INDIANOLA
2636;HY-VEE WINE AND SPIRITS / HUBBELL;2310 HUBBELL AVE;DES MOINES
4067;FREEMAN FOODS;268 8TH AVE;WELLMAN
4533;CASEY'S GENERAL STORE #1985 / ST. AN;110 N HWY 218;ST ANSGAR
4591;CASEY'S GENERAL STORE #3052 / CLARIO;222, CENTRAL AVE;CLARION
4901;FAREWAY STORES #137 / POLK CITY;1101 S 5TH ST;POLK CITY
2806;OSCO #881 / CLINTON;1307 N SECOND;CLINTON
2507;HY-VEE FOOD STORE #1 / BURLINGTON;939 ANGULAR;BURLINGTON
2963;DAHL'S / CLIVE;15500 HICKMAN;CLIVE
4945;OSAGE LIQUORS;508, MAIN ST;OSAGE
4579;USA FOOD & GAS / GRAND MOUND;2293 HWY 30;GRAND MOUND
5106;BARNES FOOD LAND;622 10TH  ST;DEWITT
4452;SELECT MART    GORDON DR;2825 GORDON DR;SIOUX CITY
4306;NORTHSIDE ONE STOP / HAMPTON;1208  4TH ST NE;HAMPTON
4821;CASEY'S GENERAL STORE #3215 / OSKALO;901 S MARKET ST;OSKALOOSA
4935;ALI'S LIQUOR;1117 E 4TH ST;WATERLOO
3717;THE LIQUOR STOP / SUMNER;201 W 1ST ST;SUMNER
4547;FAREWAY STORES #902 / HAMPTON;309 CENTRAL AVE WEST;HAMPTON
4070;GRIEDER BEVERAGE DEPOT;708  13TH ST;BELLE PLAINE
2448;BOTTLE BOUTIQUE;705 E. SECOND;INDIANOLA
4593;THE CUE LIQUORS;1404 MAIN ST;ROCK VALLEY
4785;CASEY'S GENERAL STORE #2835 / AVOCA;1019 N CHESTNUT ST;AVOCA
4866;TOBACCO HUT #18 / COUNCIL BLUFFS;3134 MANAWA CENTRE DR;COUNCIL BLUFFS
3822;THE SECRET CELLAR;1205 CURTIS BR RD NE;SWISHER
2534;HY-VEE DRUGTOWN / URBANDALE;8601 DOUGLAS;URBANDALE
4139;UNIVERSITY GROCERIES;2121 UNIVERSITY AVE;DES MOINES
3747;T-N-T LIQUOR;110 SOUTH MAIN;SIGOURNEY
4274;RUTHVEN MEAT PROCESSING;1701 RAILROAD ST;RUTHVEN
2958;DAHL'S / E 33RD;3400 E 33 ST;DES MOINES
3540;SUPER TARGET T-0533 / DAVENPORT;5225 ELMORE AVE;DAVENPORT
4908;ZAPF'S PRONTO MARKET;107 1ST ST SW;ELKADER
4077;XO FOOD AND LIQUOR;428 FRANKLIN ST;WATERLOO
4180;SMOKIN' JOE'S #10 TOBACCO AND LIQUOR;480 7TH AVE;MARION
2413;BEECHER BEVERAGE;1691 ASBURY ROAD;DUBUQUE
4172;SHAMROCK SPIRITS;1204 WATER ST PO BOX 177;ALDEN
3647;WAL-MART 2889 / CLINTON;2715 SOUTH 25TH ST;CLINTON
4568;SELECT MART   FLOYD BLVD;4103 FLOYD BLVD;SIOUX CITY
2152;DUGANS SUPERMARKET;202 4TH NORTH;ROCKWELL
4152;FOOD LAND SUPER MARKETS / MISSOURI V;407 W HURON;MISSOURI VALLEY
4710;WALGREENS #09708 / DUBUQUE;55 JOHN F KENNEDY RD;DUBUQUE
4393;KUM & GO #206 / CLIVE;1725 NW 86TH ST;CLIVE
3611;LOGAN SUPER FOODS;403 E 6TH;LOGAN
2503;HY-VEE DRUGSTORE / ANKENY;849 SOUTH ANKENY BLVD.;ANKENY
4267;MAIN STREET MARKET OF ANITA;735 MAIN ST;ANITA
4102;FAREWAY STORES #386 / AMES;619 BURNETT AVE;AMES
2161;HUBER'S STORE INC.;FIRST & MAIN;FT. ATKINSON
4802;WALGREENS #07452 / DES MOINES;4415 DOUGLAS AVE;DES MOINES
4348;JEFF'S MARKET / WILTON;101 E 4TH;WILTON
4319;FAREWAY STORES #703 / HUMBOLT;710 FIRST AVE N;HUMBOLDT
4201;FAREWAY STORES #022 / SIOUX CITY;4040 WAR EAGLE DR;SIOUX CITY
4150;FAREWAY STORES #951 / WATERLOO;40  W SAN MARNAN;WATERLOO
3628;WAL-MART 1528 / CEDAR RAPIDS;2645 BLAIRS FERRY RD NE;CEDAR RAPIDS
4456;KUM & GO #53 / IOWA CITY;955 MORMAN TREK BLVD;IOWA CITY
4595;QUIK TRIP #559 / FLEUR DR DM;4024 FLEUR DR;DES MOINES
2353;CRESCO LIQUOR STORE;708 2ND AVE SE;CRESCO
2544;HY-VEE FOOD STORE / MARSHALLTOWN;802 SOUTH CENTER;MARSHALLTOWN
4130;BOYD GROCERY, INC.;20611 HWY 1 N;KEOSAUQUA
4300;FAREWAY STORES #625 / OSKALOOSA;311  3RD AVE W;OSKALOOSA
3947;SEATON'S FLAG FOODS;122 A EAST FRONT ST;BROOKLYN
4509;A J'S LIQUOR II;2515 CHAMBERLAIN;AMES
4230;FAREWAY STORES #106 / CLIVE;10151 UNIVERSITY AVE;CLIVE
2551;HY-VEE FOOD STORE / CHARITON;2001 WEST COURT;CHARITON
4084;FAREWAY STORES #061 / ANKENY;3205 NORTH ANKENY BLVD;ANKENY
4875;BANI'S;307, MAIN ST;CEDAR FALLS
5147;VICTOR'S MARKET;1001 3RD  ST;VICTOR
4203;LIQUOR AND TOBACCO OUTLET /;620 W BREMER AVE;WAVERLY
2607;HY-VEE WINE AND SPIRITS / SHENANDOAH;520 SO FREMONT;SHENANDOAH
3549;QUICKER LIQUOR STORE;1414 48TH ST;FORT MADISON
3484;JEFF'S FOODS;110 W CEDAR ST;MARCUS
4526;SUB XPRESS & GAS;4307 W LOCUST ST;DAVENPORT
4762;HUBER'S STORE INC.;101 MAIN ST;FORT ATKINSON
5018;SUPER SAVER LIQUOR LLC;1610 ROCKINGHAM RD;DAVENPORT
3666;TARGET STORE T-1771 / CEDAR RAPIDS;3400 EDGEWOOD RD SW;CEDAR RAPIDS
4256;FAREWAY STORES #912 / SIOUX CENTER;115  1ST AVE NW;SIOUX CENTER
3705;LIQUOR LOCKER;507 1ST AVE #100;ROCK RAPIDS
4191;FAREWAY STORES #995 / PELLA;2010 WASHINGTON ST;PELLA
3697;OKY DOKY #2 / DUBUQUE;51 W 32ND ST PO BOX 300;DUBUQUE
2585;HY-VEE WINE AND SPIRITS / ALGONA;1516 HIGHWAY 169 NORTH;ALGONA
4550;NEW STAR 3 / WATERLOO;1459 ANSBOROUGH AVE;WATERLOO
4869;LINDSANATOR'S;415 S HWY 52;GUTTENBERG
5140;A TO Z LIQUOR;114, S  2ND  ST;CHEROKEE
5063;LOGAN CONVENIENCE STORE;735, LOGAN AVE;WATERLOO
4202;FAREWAY STORES #829 / SIOUX CITY;4267 SERGEANT RD;SIOUX CITY
3482;KICK THE CAN;525 N MAPLE ST;CARROLL
3838;SCHNUCKS / BETTENDORF;858 MIDDLE RD;BETTENDORF
3656;TARGET STORE T-1767 / ANKENY;2135 SE DELAWARE AVE;ANKENY
4266;WAL-MART 1683 / SHENANDOAH;705 S FREMONT;SHENANDOAH
5012;BLUEJAY MARKET;2810, WILLIS AVE;PERRY
4569;CAR-GO-EXPRESS / SUTHERLAND;202 WEST SOUTHERN ST;SUTHERLAND
4862;PRONTO MARKET / KINGSLEY;101 MAIN ST;KINGSLEY
2611;HY-VEE DRUGSTORE / OTTUMWA;1140 NORTH JEFFERSON ST;OTTUMWA
4503;CASEY'S GENERAL STORE #38 / TREYNOR;102 W MAIN ST;TREYNOR
4141;FAREWAY STORES #975 / SE 22ND / DSM;3000 SE 22ND ST;DES MOINES
3591;ACKLEY SUPER FOODS;526 MAIN ST;ACKLEY
3660;WAL-MART 2935 / KNOXVILLE;814 W BELL AVE;KNOXVILLE
3756;MAIN STREET LIQUORS / MANNING;316 MAIN ST;MANNING
4187;JENSEN LIQUOR NORTH;109  5TH ST;SIBLEY
2554;HY-VEE FOOD STORE / DAVENPORT;3019 ROCKINGHAM ROAD;DAVENPORT
3932;MAIN STREET SPIRITS / MAPLETON;311 MAIN ST;MAPLETON
5138;KELLOGG COUNTRY STORE;103, BLAIR ST;KELLOGG
4840;INDEPENDENCE AVE LIQUOR & FOOD / WAT;1761 INDEPENDENCE AVE;WATERLOO
4668;CLEAR LAKE PAYLESS FOODS;20 SOUTH 4TH ST;CLEAR LAKE
2642;HY-VEE WINE AND SPIRITS / PELLA;512 E OSKALOOSA;PELLA
4848;KUM & GO #246 / WINTERSET;111 E JEFFERSON ST;WINTERSET
3785;SOUTHSIDE TOBACCO AND LIQUOR;2424 SW 9TH ST;DES MOINES
4270;KUM & GO LIQUORS #37 / OTTUMWA;2508 N COURT ST;OTTUMWA
4571;CASEY'S GENERAL STORE #2357 / ALLISO;100, CHERRY ST;ALLISON
4395;KUM & GO #133 / ELLSWORTH;1111 IA HIGHWAY 175;ELLSWORTH
3732;NORTH SCOTT FOODS;425 E LECLAIRE RD;ELDRIDGE
3772;SHOP N SAVE #1 / MLK PKWY;2127 M L KING JR PKWY;DES MOINES
4228;FAREWAY STORES #462 / VINTON;501 A AVE;VINTON
3895;TOM'S MARKET AND MEATS;550 DIVISION ST;BURLINGTON
4891;SCHOTTSY'S LIQUOR;109 5TH ST;SIBLEY
5098;BEST FOOD MART 3  LLC;1621 UNIVERSITY AVE;DES MOINES
5144;SAM'S CLUB 6979 / ANKENY;4625 SE DELAWARE AVE;ANKENY
4924;ABBY LEA'S;2757, CHARLES CITY RD;NASHUA
3443;SUPER SAVER IV;1141 N BROADWAY;COUNCIL BLUFFS
4695;WALGREENS #09791 / ALTOONA;101 8TH ST SE;ALTOONA
2569;HY-VEE FOOD STORE #2 / CEDAR RAPIDS;279 COLLINS ROAD NE;CEDAR RAPIDS
5108;TOBACCO 4 LESS / STATE ST;1032 STATE ST;BETTENDORF
3712;MONTE SPIRITS;109 N 4TH ST;MONTEZUMA
4182;FAREWAY STORES #008 / DYERSVILLE;1207  12TH AVE SE;DYERSVILLE
4645;KWIK SHOP #589 / ELDRIDGE;1, GROVE RD;ELDRIDGE
3713;WAL-MART 0810 / MASON CITY;4151  4TH ST SW;MASON CITY
2233;FORBES LIQUOR LOCKER / REMI;2508 ENTERPRISE AVE;SPIRIT LAKE
2843;CVS PHARMACY #8526 / CEDAR RAPIDS;4116 CENTER POINTE RD;CEDAR RAPIDS
4768;KUM & GO #777 / URBANDALE;8228 DOUGLAS AVE;URBANDALE
5121;LIQUOR BEER & TOBACCO OUTLET  / CHAR;1908, CLARK ST;CHARLES CITY
4921;MARKET EXPRESS;5340 16TH AVE SW;CEDAR RAPIDS
4642;LIQUOR AND TOBACCO OUTLET / UNIV AVE;2844 UNIVERSITY AVE;WATERLOO
4094;CAMPUSTOWN LIQUOR;218 WELCH AVE STE 3;AMES
4192;FAREWAY STORES #044 / BETTENDORF;3800 BELMONT RD;BETTENDORF
4478;U S GAS;3000, SW 9TH ST;DES MOINES
3908;COUNTY MARKET #214 / FORT MADISON;11802 AVENUE H;FORT MADISON
4536;CASEY'S GENERAL STORE #2420 / DUBUQU;2699 ROCKDALE;DUBUQUE
3734;SHORTEE'S PIT STOP, INC.;215 S RERICK AVE;PRIMGHAR
2238;ADVENTURELAND INN;3200 ADVENTURELAND DR;ALTOONA
4496;B P ON 1ST;2824, 1ST AVE NE;CEDAR RAPIDS
4889;FAST TRIP / DES MOINES;1516 SE  1ST ST;DES MOINES
4147;FAREWAY STORES #974 / CEDAR FALLS;214 N MAGNOLIA DR;CEDAR FALLS
2661;HY-VEE FOOD STORE / SHELDON;1989 PARK ST;SHELDON
3652;DISCOUNT LIQUORS OF IDA GROVE;604 W 2ND;IDA GROVE
4332;FAST MART / UNIVERSITY AVE;1621 UNIVERSITY AVE;DES MOINES
2566;HY-VEE FOOD STORE / KNOXVILLE;813 N LINCOLN STE 1;KNOXVILLE
4392;KUM & GO #156 / CLIVE;15600 HICKMAN RD;CLIVE
4956;THE COOLER;4920, JOHNSON AVE NW;CEDAR RAPIDS
4132;CAMANCHE FOOD PRIDE;908 7TH AVE;CAMANCHE
4555;CASEY'S GENERAL STORE #2614 / DONNEL;201 MADISON AVE;DONNELLSON
4525;CASEY'S GENERAL STORE #2425 / AKRON;600 HIGHWAY 12 SOUTH;AKRON
2178;"DOUBLE ""D"" LIQUOR STORE";618 ROSSVILLE ROAD;WAUKON
4328;JR'S ON THE ROCKS;313 COLLEGE DR;DECORAH
2955;DAHL'S / BEAVER;1819 BEAVER;DES MOINES
4993;SITE FOOD MART;1301, MAIN ST;KEOKUK
4362;KUM & GO #135 / POLK CITY;303 W BROADWAY ST;POLK CITY
2840;CVS PHARMACY #8633 / BETTENDORF;2002 SPRUCE HILLS DR;BETTENDORF
3949;WAL-MART 0751 / PELLA;1650 WASHINGTON ST;PELLA
4771;CENEX GAS STATION;502, E AVE NW;CEDAR RAPIDS
4652;BRADY MART FOOD & LIQUOR;3107, BRADY ST;DAVENPORT
5036;POINT LIQUOR & TOBACCO;4107 CENTER POINT RD NE;CEDAR RAPIDS
4341;MJ'S GROCERY;524 MAIN ST;GRISWOLD
4805;LIQUOR TOBACCO & GROCERY / FORT DODG;902 1ST AVE N;FORT DODGE
4971;FAREWAY STORES #138 / PLEASANT HILL;5500, E UNIVERSITY AVE;PLEASANT HILL
4085;SAVE MORE FOODS / WATERLOO;1975 FRANKLIN ST;WATERLOO
3625;WAL-MART 0892 / ANKENY;1002 SE NATIONAL DR;ANKENY
3451;BARNES FOODLAND;622 10TH ST;DEWITT
4468;CIRCLE K #6600 / MUSCATINE;802 CYPRESS ST;MUSCATINE
4870;TOBACCO 4 LESS / BETTENDORF;1032 STATE ST;BETTENDORF
3624;WAL-MART 0748 / NEWTON;300 IOWA SPEEDWAY DR;NEWTON
4582;PRONTO / SPIRIT LAKE;2402, 17TH ST;SPIRIT LAKE
4979;SAM LIQUOR;1500 1ST AVE NE;CEDAR RAPIDS
4896;BARRYS MINI MART;403, CHESTNUT ST;HARPERS FERRY
4752;GASLAND / BURLINGTON;1003 SUMMER ST;BURLINGTON
5068;TOBACCO SHOP / ARNOLDS PARK;612 S HIGHWAY 71;ARNOLDS PARK
4283;GUPPYS ON THE GO;680 LINDALE DR;MARION
2956;DAHL'S / FLEUR DR;4121 FLEUR DRIVE;DES MOINES
3868;WAL-MART 3630 / MARION;5491 BUSINESS HWY 151;MARION
4962;HILLTOP GROCERY;1312 HARRISON ST;DAVENPORT
2600;HY-VEE FOOD STORE / OSKALOOSA;110  SO  D  ST;OSKALOOSA
4697;SOUTHSIDE LIQUOR & TOBACCO / IOWA CI;601 HOLLYWOOD BLVD;IOWA CITY
2671;HY-VEE  /  JEFFERSON;106, W WASHINGTON ST;JEFFERSON
4713;WALGREENS #10985 / CORALVILLE;2751 HEARTLAND DR;CORALVILLE
4902;BROADWAY LIQUOR;821 BROADWAY ST;WATERLOO
4685;KWIK STOP FOOD MART;2360 CENTRAL;DUBUQUE
2964;DAHL'S / ANKENY;1802 N ANKENY BLVD;ANKENY
2459;REINHART FOODS;200 STATE PO BOX 98;GUTHRIE CENTER
4801;WALGREENS #05852 / DES MOINES;3030 UNIVERSITY AVE;DES MOINES
4490;CASEY'S GENERAL STORE #2766 / CEDAR;380 33RD AVE SW;CEDAR RAPIDS
2609;HY-VEE DRUGSTORE #2 / AMES;500 MAIN ST;AMES
3615;EMMETSBURG FOOD PRIDE;1307 S BROADWAY;EMMETSBURG
4620;NODAWAY VALLEY MARKET;304 4TH ST;FONTANELLE
4345;LUCKY MART;1031 WEST ST;GRINNELL
5029;THE LIQUOR STOP LLC;211, W 53RD ST;DAVENPORT
2584;HY-VEE FOOD STORE / FORT MADISON;2606 AVENUE L;FORT MADISON
5004;IDA GROVE FOOD PRIDE;200 SUSAN LAWRENCE DR;IDA GROVE
4447;QUIK TRIP #567 / URBANDALE;9915, DOUGLAS AVE;URBANDALE
2851;CVS / PHARMACY #10282 / FORT DODGE;2029 5TH AVE SOUTH;FORT DODGE
4967;JEFF'S MARKET / BLUE GRASS;102, W MAYNE ST;BLUE GRASS
4873;CASEY'S GENERAL STORE #2559 / GRANGE;1802, SYCAMORE ST;GRANGER
4234;FAREWAY STORES #788 / SPENCER;104 E EIGHTH ST;SPENCER
3013;KEITH'S FOODS;207 E LOCUST ST;BLOOMFIELD
4615;NORTH SIDE LIQUOR & GROCERY;1303 NORTH FEDERAL AVE;MASON CITY
4878;SHORTEE'S PIT STOP;215, S RERICK AVE;PRIMGHAR
5060;L&M MIGHTY SHOP;504, E BURLINGTON ST;IOWA CITY
4308;KEYSTONE LIQUOR AND WINE / CORALVILL;517  2ND ST STE 2;CORALVILLE
4099;CHUBBYS LIQUOR;68 MONROE PO BOX 249;FLOYD
3715;KIMBERLY MART / DAVENPORT;1714 E KIMBERLY RD;DAVENPORT
3976;NORTH ENGLISH FAMILY FOOD;119 NORTH MAIN ST;NORTH ENGLISH
4326;STRATFORD FOOD CENTER;829 SHAKESPEARE AVE;STRATFORD
9002;MISSISSIPPI RIVER DISTILLERY;303 N CODY RD;LECLAIRE
2475;PRIVATE CELLAR, INC.;206 2ND AVE NE;WEST BEND
5042;SUPER STOP III / DUBUQUE;1101 RHOMBERG AVE;DUBUQUE
4638;GD XPRESS / DAVENPORT;4607 N PINE ST;DAVENPORT
3760;BRADY MART / DAVENPORT;3107 N BRADY ST;DAVENPORT
3626;WAL-MART 2714 / SPENCER;500  11TH ST;SPENCER
2844;CVS PHARMACY #8547 / IOWA CITY;2425 MUSCATINE AVE;IOWA CITY
4566;KUM & GO #508 / CEDAR RAPIDS;30 FOUR OAKS DR SW;CEDAR RAPIDS
4787;GUPPY'S ON THE GO SWISHER;2722 NE 120TH ST;SWISHER
3655;M AND M LIQUOR STORE;2763 FLOYD BLVD;SIOUX CITY
3814;COSTCO WHOLESALE #788;7205 MILLS CIVIC PKWY;WEST DES MOINES
4411;KUM & GO #95 / DE SOTO;1203 GUTHRIE ST;DE SOTO
3562;WAL-MART 0797 / W BURLINGTON;324 WEST AGENCY RD;WEST BURLINGTON
4861;THE STATION / CEDAR RAPIDS;3645 STONE CREEK CIRCLE SW;CEDAR RAPIDS
4000;FOODLAND SUPER MARKETS / WOODBINE;5TH AND LINCOLN WAY;WOODBINE
4434;TODD'S;209 S UNION ST;ROCK RAPIDS
4093;HIWAY 20 LIQUORS / FORT DODGE;1724  5TH AVE SOUTH;FORT DODGE
3631;AUDUBON FOOD PRIDE;104 MARKET ST PO BOX 206;AUDUBON
3929;LIQUOR AND TOBACCO OUTLET;515 1/2 BROADWAY ST;WATERLOO
4110;BROTHERS MARKET, INC.;706 HIGHWAY 57;PARKERSBURG
4810;KUM & GO #518 / ANKENY;3603 NE OTTERVIEW CIRCLE;ANKENY
4050;FIVE STAR SNACKS AND LIQUOR;437 SULLIVAN;WATERLOO
4656;CASEY'S GENERAL STORE #2301 / AMES;17005 HWY 69;AMES
4091;FAREWAY STORES #705 / CLEAR LAKE;910 HWY 18 W;CLEAR LAKE
2845;CVS PHARMACY #4816 / COUNCIL BLUFFS;545 W WASHINGTON ST;COUNCIL BLUFFS
3742;WAL-MART 1625 / LEMARS;1111 HOLTON DR;LEMARS
4372;KUM & GO #404 / MASON CITY;1303 4TH ST SW;MASON CITY
4928;SHOP N SAVE / 6TH AVE;1829 6TH AVE;DES MOINES
4078;PRIME MART 4;2323 MAIN ST;CEDAR FALLS
2656;HY-VEE FOOD STORE / CORNING;300  10TH ST;CORNING
4578;CASEY'S GENERAL STORE #2592 / FARMIN;201 S 4TH ST;FARMINGTON
3722;WAL-MART 1361 / SIOUX CITY;3400 SINGING HILLS BLVD;SIOUX CITY
4268;FAREWAY STORES #531 / ALGONA;1905 HIGHWAY 18 E;ALGONA
3994;GREAT SPIRITS WINE & LIQUOR CO.;72 NORTH HWY 71;ARNOLDS PARK
4734;WALGREENS #04973 / URBANDALE;7000 DOUGLAS AVE;URBANDALE
3925;JOHNCY'S LIQUOR STORE INC;585 HWY 965 S  STE E;NORTH LIBERTY
4302;SHOP N SAVE / DES MOINES;1829 6TH AVE;DES MOINES
4898;BURLINGTON SHELL;130, S ROOSEVELT AVE;BURLINGTON
4963;JEFF'S MARKET / DURANT;408, 6TH AVE;DURANT
4812;LIQUOR BEER & TOBACCO OUTLET / CHARL;1908 CLARK ST;CHARLES CITY
4806;GIRI'S LIQUOR STORE / WEST LIBERTY;1006, N COLUMBUS ST;WEST LIBERTY
4262;CORK AND BOTTLE / CARROLL;1004 HIGHWAY 30 W;CARROLL
4847;SLAGLE FOODS LECLAIRE;1301 EAGLE RIDGE RD;LECLAIRE
5071;JEFF'S MARKET / DURANT;408 6TH AVE;DURANT
2667;HY-VEE MAINSTREET;2611 PIERCE ST;SIOUX CITY
4480;CIRCLE K #6602 / CLINTON;1530 NORTH 2ND ST;CLINTON
5133;DON'S FOOD CENTER;102, ALBANY AVE NE;ORANGE CITY
4424;CIRCLE K #6601 / BURLINGTON;1012 MAPLE ST;BURLINGTON
3886;WAL-MART 0646 / ANAMOSA;101  115 ST;ANAMOSA
4881;SPERRY ONE STOP SHOP LLC;516 HWY 141;COON RAPIDS
4584;J & C GROCERY / DUMONT;611 MAIN ST;DUMONT
2200;SAC LIQUOR STORE;619 E MAIN ST;SAC CITY
4473;CASEY'S GENERAL STORE #92 / PANORA;113, NE 3RD ST;PANORA
4997;DOWNTOWN PANTRY;218, 6TH AVE #101;DES MOINES
4410;KUM & GO #203 / PERRY;1219 1ST ST;PERRY
4577;CASEY'S GENERAL STORE #2551 / WOODWA;906, S MAIN ST;WOODWARD
3710;NEW YORK DOLLAR STORE;219 MAIN ST;COLUMBUS JUNCTION
4428;KUM & GO #200 / AMES;4510 MORTENSEN RD;AMES
3969;R 'N D'S LIQUOR, LLC;205 NE 6TH ST;GREENFIELD
5168;POINT LIQUOR AND TOBACCO;4107, CENTER POINT RD NE;CEDAR RAPIDS
4599;QUIK TRIP #500 / HUBBELL DM;3700 HUBBELL AVE;DES MOINES
4646;PRONTO MARKET / FAIRBANK;104 4TH ST;FAIRBANK
2848;CVS PHARMACY #10114 / ANKENY;104 E FIRST ST;ANKENY
3847;LOGAN AVE CONVENIENCE STORE;735 LOGAN AVE;WATERLOO
4412;KUM & GO #267 / TIPTON;2050 IA HIGHWAY 38;TIPTON
4634;KWIK SHOP #565 / CEDAR RAPIDS;4201, CENTER POINT RD NE;CEDAR RAPIDS
4502;NEIGHBORHOOD MART / WATERLOO;2100, LAFAYETTE ST;WATERLOO
4940;CAMBRIDGE COUNTRY STORE;301 WATER ST;CAMBRIDGE
4808;CB QUICK STOP / COUNCIL BLUFFS;3500, AVE A;COUNCIL BLUFFS
4576;THE BOONEDOCKS;228 N HWY 71;ARNOLDS PARK
5054;CORK 'N BOTTLE / MANCHESTER;900 E MAIN ST;MANCHESTER
3744;PAYLESS FOODS / DYERSVILLE;733 16TH AVE SE;DYERSVILLE
4607;CASEY'S GENERAL STORE #1024 / GUTTEN;1131, S HWY 52;GUTTENBERG
4537;CASEY'S GENERAL STORE #1834 / LEON;401 NW CHURCH ST;LEON
4820;LIL' CHUBS CORNER STOP;712 S OAK ST;INWOOD
4947;THE MUSIC STATION;1420 W FIRST ST;CEDAR FALLS
4872;CASEY'S GENERAL STORE #2644 / EARLHA;975 N CHESTNUT AVE;EARLHAM
5005;LAURENS FOOD PRIDE;410 W MAIN ST;LAURENS
2658;HY-VEE FOOD STORE / MOUNT AYR;402 S HAYES ST;MOUNT AYR
4560;CASEY'S GENERAL STORE #2914 / HARLAN;1006, CHATBURN AVE;HARLAN
4361;QUIK TRIP #538 / NW 2ND / DSM;4575 NW 2ND;DES MOINES
4153;FAREWAY STORES #067 / EVANSDALE;215 S EVANS RD;EVANSDALE
4800;WALGREENS #07968 / DES MOINES;6200 SE 14TH ST;DES MOINES
4941;KUM & GO #170 / URBANDALE;6990 DOUGLAS AVE;URBANDALE
4557;HOMETOWN FOODS / TRAER;420 SECOND ST;TRAER
4722;WALGREENS #09476 / BURLINGTON;201 S CENTRAL AVE;BURLINGTON
4103;FAREWAY STORES #093 / AMES;3619 STANGE RD;AMES
4965;PRONTO;6087 HWY 110 S;STORM LAKE
4239;FAREWAY STORES #850 / SPIRIT LAKE;1906 KEOKUK;SPIRIT LAKE
4761;WALGREENS #03590 / WATERLOO;3910 UNIVERSITY AVE;WATERLOO
4126;SAM'S MAINSTREET MARKET / SOLON;123 E MAIN ST;SOLON
3957;KARL'S GROCERY STORE;101 WEST MADISON;EDGEWOOD
4059;BELLE PLAINE COUNTRY FOOD;1206 7TH AVE;BELLE PLAINE
5064;CASEY'S GENERAL STORE #2777 / FAIRFA;65, WILLIAMS BLVD;FAIRFAX
2854;CVS / PHARMACY #10480 / URBANDALE;14201 HICKMAN RD;URBANDALE
2327;WEST SIDE SPIRITS;801 HULL ST;CORNING
4309;THE PARTY PANTRY;430 S 35TH ST;COUNCIL BLUFFS
4981;SINCLAIR FOOD MART;206 N MAIN ST;TRAER
4155;FAREWAY STORES #949 / MARION;3300 10TH AVE;MARION
4343;BEST FOOD MART / DES MOINES;4028 NE 14TH ST;DES MOINES
4176;TODDS ON THE GO;235 EDGEWOOD RD NE;CEDAR RAPIDS
4125;WAPELLO JACK AND JILL;503 HWY 61 SOUTH;WAPELLO
4702;WALGREENS #05361 / FORT DODGE;2503 5TH AVE S;FORT DODGE
2669;HY-VEE / CORYDON;103, E JACKSON ST;CORYDON
4430;KUM & GO #87 / FORT DODGE;1601 FIFTH AVENUE S;FORT DODGE
3915;SAC CITY FOOD PRIDE;106  S 16 ST;SAC CITY
4364;KUM & GO #22 / GRINNELL;715 LANG CREEK AVE;GRINNELL
4398;KUM & GO #4786 / BELMOND;112 RIVER AVE S;BELMOND
4746;WALGREENS #05885 / MUSCATINE;1703 PARK AVE;MUSCATINE
4136;FAREWAY STORES #983 / GRIMES;351 GATEWAY DR;GRIMES
3749;WAL-MART 1526 / STORM LAKE;1831 LAKE AVE NW;STORM LAKE
4616;C'S SPENCER LIQUOR;719 2ND AVE W;SPENCER
4321;FAREWAY STORES #501 / CHARLES CITY;210  11TH ST;CHARLES CITY
4320;FAREWAY STORES #470 / PERRY;1315 WILLIS AVE;PERRY
5137;SHOP N SAVE  /  NW 2ND  DSM;4685, NW  2ND ST;DES MOINES
4914;PRIME MART / CENTER ST;2728 CENTER ST;CEDAR FALLS
4907;PRIME MART;2323 MAIN ST;CEDAR FALLS
2628;HY-VEE FOOD STORE / ELDORA;1616 EDGINGTON;ELDORA
4839;DS SERVICES LLC;87 8TH ST N;NORTHWOOD
4159;FAREWAY STORES #073 / COUNCIL BLUFFS;310 MCKENZIE AVE;COUNCIL BLUFFS
4301;SAHOTA FOOD MART;1805 SE 14TH ST;DES MOINES
4504;JIFFY EXPRESS #921 / INDIANOLA;311 NORTH JEFFERSON;INDIANOLA
3964;SIOUX FOOD CENTER OF SIOUX RAPIDS;621 HWY 71;SIOUX RAPIDS
4008;SIOUX VALLEY SPIRITS;116 E MAIN ST;ANTHON
4375;KUM & GO #237 / GRIMES;801 N 1ST ST;GRIMES
4715;WALGREENS #06678 / WEST DES MOINES;1999 GRAND AVE;WEST DES MOINES
4272;FAREWAY STORES #407 / ESTERVILLE;1108 CENTRAL AVE;ESTHERVILLE
4654;KUM & GO #510 / STUART;629 S DIVISION ST;STUART
3980;WAL-MART 1721 / IOWA CITY;919 HWY 1 WEST;IOWA CITY
4426;LIQUOR AND GROCERY DEPOT;114 CENTRAL ST N SUITE 1;MARSHALLTOWN
4184;FAREWAY STORES #998 / MUSCATINE;2100 CEDAR PLAZA DR;MUSCATINE
4770;CASEY'S GENERAL STORE #3080 / HUDSON;354, E ELDORA RD;HUDSON
4289;FAREWAY STORES #062 / WAUKON;777  11TH AVE SW;WAUKON
4310;FAREWAY STORES #502 / CHEROKEE;205 WEST BLUFF ST;CHEROKEE
3678;SMOKE SHOP, THE;1918 SE 14TH ST;DES MOINES
4864;CLINTON LIQUOR & CONVENIENCE STORE;1641 S BLUFF BLVD;CLINTON
5095;CARTERLAKE MINI MART;1001, LOCUST ST;CARTER LAKE
4285;FAREWAY STORES #922 / NEW HAMPTON;102 S WATER AVE;NEW HAMPTON
4194;FAREWAY STORES #848 / NEWTON;120 N 3RD AVE E;NEWTON
3437;SCOTT'S FOODS;1120 SUNSET DRIVE;NORWALK
3614;IDA GROVE FOOD PRIDE;200 OAK GROVE DR;IDA GROVE
4580;SMOKIN' JOE'S #9 TOBACCO AND LIQUOR;304 W. MADISON;WASHINGTON
4621;CASEY'S GENERAL STORE #23 / MAXWELL;100, MAIN ST;MAXWELL
5040;WILTON EXPRESS;1300 NICOLAUS ST;WILTON
2837;CVS PHARMACY #8544 / WATERLOO;1825 E SAN MARNAN;WATERLOO
4441;SPEEDE SHOP;204 N MAIN ST;GARNAVILLO
5037;UNCORKED WINE & SPIRITS;111 E HARRISON ST;JEFFERSON
4196;FAREWAY STORES #987 / DAVENPORT;1635 WEST 53RD ST;DAVENPORT
4912;CASEY'S GENERAL STORE #2531 / ELDRID;840, E LE CLAIRE RD;ELDRIDGE
4181;PUFF N SNUFF;1101 RHOMBERG AVE;DUBUQUE
4959;BANI'S;2128 COLLEGE ST;CEDAR FALLS
4421;KUM & GO #1 / HAMPTON;609 CENTRAL AVE W;HAMPTON
4313;FAREWAY STORES #940 / ATLANTIC;301 POPLAR ST;ATLANTIC
4355;KUM & GO #124 / STORY CITY;1554 BROAD ST;STORY CITY
2838;CVS PHARMACY #8658 / DAVENPORT;1655 W KIMBERLY RD;DAVENPORT
2951;DAHL'S / HICKMAN;8700 HICKMAN;CLIVE
4748;WALGREENS #06186 / DAVENPORT;4011 E 53RD ST;DAVENPORT
4137;FAREWAY STORES #989 / WAUKEE;200 SE LAUREL ST;WAUKEE
4844;IOWA CITY FAST BREAK;2580, NAPLES AVE;IOWA CITY
4841;COZY MART;2920 W LOCUST ST;DAVENPORT
3791;PIT STOP LIQUOR AND TOBACCO;111 E HARRISON ST;JEFFERSON
4973;QUILLINS QUALITY FOODS WEST UNION;303, HWY 150 N;WEST UNION
4854;CASEY'S GENERAL STORE #3029 / ARMSTR;307, S 4TH AVE;ARMSTRONG
4905;SOUTH SIDE GROCERY;319, COURT ST;ROCKWELL CITY
4293;EDDYVILLE MARKET AND DELI L;121 WALNUT;EDDYVILLE
4457;KUM & GO #422 / IOWA CITY;513 S RIVERSIDE DR;IOWA CITY
4356;KUM & GO #396 / NEVADA;136 LINCOLN HWY;NEVADA
5003;FAMOUS LIQUORS;2604 W LOCUST ST;DAVENPORT
3950;HOMETOWN FOODS / STATE CENTER;120 E MAIN ST;STATE CENTER
3583;MAC'S LIQUOR AND VIDEOS;220 EAST JEFFERSON;CORYDON
4288;UPTOWN LIQUOR AND TOBACCO;2000 WILEY BLVD SW STE 106;CEDAR RAPIDS
4482;INDY 66 WEST #929 / INDIANOLA;2001, WEST 2ND AVE;INDIANOLA
5065;CIRCLE S GORDON DRIVE;2520, GORDON DR;SIOUX CITY
2579;HY-VEE FOOD STORE / GRINNELL;320 WEST STREET SOUTH;GRINNELL
4948;WHEATLAND DAY BREAK;102 W HWY 30;WHEATLAND
4024;WAL-MART 1546 / IOWA FALLS;840 S OAK;IOWA FALLS
4860;JIMS FOODS;812 6TH ST SW;CEDAR RAPIDS
4669;VOM FASS / DES MOINES;833, 42ND ST;DES MOINES
4655;CASEY'S GENERAL STORE #2237 / PRAIRI;1002 W 2ND ST;PRAIRIE CITY
4698;QUALITY QUICK STOP;201 W BURLINGTON AVE;FAIRFIELD
4895;BIG DISCOUNT LIQUOR;5427 CENTER POINT RD NE;CEDAR RAPIDS
4357;KUM & GO #125 / STORY CITY;527 PARK AVE;STORY CITY
4162;FAREWAY STORES #963 / CEDAR RAPIDS;4220  16TH AVE SW;CEDAR RAPIDS
4491;CASEY'S GENERAL STORE #2772 / CEDAR;3349 MT VERNON RD SE;CEDAR RAPIDS
4779;CASEY'S GENERAL STORE #25 / MOUNT AY;300, W SOUTH ST;MOUNT AYR
4961;KWIK STOP / CEDAR CROSS;1200 CEDAR CROSS RD;DUBUQUE
3918;SMOKIN' JOE'S #1 TOBACCO AND LIQUOR;3120 ROCKINGHAM RD;DAVENPORT
4633;KWIK SHOP #520 / CARTER LAKE;1202 EAST LOCUST ST;CARTER LAKE
4214;NEW STAR LIQUOR / LAFAYET / WATERLOO;1309 LAFAYETTE ST;WATERLOO
4598;QUIK TRIP #501 / E EUCLID DM;2221 E EUCLID AVE;DES MOINES
4732;WALGREENS #07967 / CLIVE;15601 HICKMAN RD;CLIVE
4799;WALGREENS #05777 / DES MOINES;2930 E UNIVERSITY AVE;DES MOINES
3825;SHOP N SAVE #2 / E 14TH;1372 E 14TH ST;DES MOINES
4072;FAMOUS LIQUORS;2604 W LOCUST ST;DAVENPORT
5176;SMOKIN' JOE'S #15 TOBACCO & LIQUOR O;455, EDGEWOOD RD NW;CEDAR RAPIDS
4051;FAREWAY STORES #639 / MAQUOKETA;110 WESTGATE DR;MAQUOKETA
3003;SUPER VALU / MARK'S;820 E. MAIN STREET;LAKE CITY
5099;CASEY'S GENERAL STORE #2164 / ANKENY;3505 N  ANKENY BLVD;ANKENY
4564;JEFF'S MARKET / DURANT;408 6TH AVE;DURANT
5145;SOUTH SIDE FOOD MART;1101 ARMY POST RD;DES MOINES
3528;SUPER TARGET T-0804 MASON CITY;3450  4TH ST SW;MASON CITY
2657;HY-VEE FOOD STORE / BEDFORD;1604 BENT;BEDFORD
4922;VINOS Y LICORES EL AGUAJE;101 W MAIN ST;MARSHALLTOWN
3873;TARGET STORE T-1113 / CORALVILLE;1441 CORAL RIDGE AVE;CORALVILLE
4865;ROLFE AREA MARKET;412 GARFIELD ST;ROLFE
4204;FAREWAY STORES #025 / CLINTON;1350 11TH ST NW;CLINTON
4827;SAUCE;108 E COLLEGE ST;IOWA CITY
4813;USA FOOD AND GAS / GRAND MOUND;2293, HWY 30;GRAND MOUND
4610;CASEY'S GENERAL STORE #2992 / FONDA;101 HWY 7;FONDA
4381;KUM & GO #443 / WILLIAMSBURG;2177 M AVE;WILLIAMSBURG
4926;GS SUPER STOP;4923 MERLE HAY RD;DES MOINES
4760;WALGREENS #07455 / WATERLOO;111 W RIDGEWAY AVE;WATERLOO
4712;WALGREENS #11942 / DUBUQUE;345 E 20TH ST;DUBUQUE
3934;WAL-MART 1509 / MAQUOKETA;103 E CARLISLE;MAQUOKETA
4958;FIVE CORNERS LIQUOR & WINE;809 E 18TH ST;CEDAR FALLS
3870;TARGET STORE T-1939 / ALTOONA;3414 8TH ST SW;ALTOONA
4185;FAREWAY STORES #737 / GRINNELL;727 WEST ST;GRINNELL
4035;B AND B WEST;3105 HUDSON RD;CEDAR FALLS
4066;XPRESS LIQUOR;1201 NORTH JEFFERSON STE 100;INDIANOLA
2641;HY-VEE DRUGSTORE / COUNCIL BLUFFS;757 W BROADWAY;COUNCIL BLUFFS
4005;LANSING LIQUOR AND MORE;417 MAIN ST;LANSING
4575;CASEY'S GENERAL STORE #2304 / SLATER;200 6TH AVE;SLATER
4897;GASLAND #102 / BURLINGTON;1703 MT PLEASANT ST;BURLINGTON
4334;FAREWAY STORES #114 / DUBUQUE;2050 JOHN F KENNEDY RD;DUBUQUE
5113;RAY'S SUPERMARKET, INC.;1975 FRANKLIN ST;WATERLOO
3790;WAL-MART 0784 / MT PLEASAN;1045 N GRAND AVE;MT PLEASANT
4221;KWIK STOP / TEXAS ST;4335 TEXAS ST;WATERLOO
4868;KUM & GO #59 / WAUKEE;400 PRAIRIE BLUFF DR;WAUKEE
4885;SNK GAS & FOOD LLC;18820, BELLEVUE CASCADE RD;ZWINGLE
4105;FAREWAY STORES #426 / NEVADA;1505 SOUTH B AVE;NEVADA
4195;FAREWAY STORES #792 / TOLEDO;1005 S COUNTY LINE RD;TOLEDO
4539;CASEY'S GENERAL STORE #40 / SCRANTON;900 LOCUST ST;SCRANTON
4446;QUIK TRIP #513 / URBANDALE;4600 MERLE HAY RD;URBANDALE
4541;CASEY'S GENERAL STORE #1045 / DELMAR;502 MARKET;DELMAR
3876;AFFILIATED FOODS OF MANSON;1101 MAIN ST PO BOX 535;MANSON
5073;WILLIAMS BOULEVARD SERVICE, INC.;2601, WILLIAMS BLVD SW;CEDAR RAPIDS
2478;PRAIRIE MEADOWS;ONE PRAIRIE MEADOWS DRIVE;ALTOONA
4158;FAREWAY STORES #409 / CARROLL;709 MONTEREY DR;CARROLL
4628;OELWEIN BOTTLE AND CAN INC.;137 2ND AVE SE;OELWEIN
4823;CASEY'S GENERAL STORE #3223 / CRESTO;903 N SUMNER AVE;CRESTON
4678;FAREWAY STORES #124 / ADEL;804 NILE KINNICK DR;ADEL
4117;TOBACCO SHOP / ARNOLDS PARK;612 S HIGHWAY 71 UNIT 4;ARNOLDS PARK
4684;INDY 66 #928 / INDIANOLA;1201 N JEFFERSON;INDIANOLA
4600;KUM & GO #207 / HUBBELL DM;4200 E HUBBELL AVE;DES MOINES
2852;CVS PHARMACY #10329 / MERLE HAY;2303 MERLE HAY RD;DES MOINES
9010;BROADBENT DISTILLERY;6175 50TH AVE;NORWALK
4200;FAREWAY STORES #019 / SIOUX CITY;4016 INDIAN HILLS DR;SIOUX CITY
3879;TARGET STORE T-1800 / SIOUX CITY;5775 SUNNYBROOK DR;SIOUX CITY
4683;NEW STAR 3 / WATERLOO;1459 ANSBOROUGH AVE;WATERLOO
4135;FAREWAY STORES #925 / ALTOONA;620 SE 8TH ST;ALTOONA
4639;LIQUOR & TOBACCO OUTLET / FORT DODGE;902 1ST AVE N;FORT DODGE
3987;WINE AND SPIRITS SHOPPE OF;111 S PHILLIPS ST;ALGONA
5017;LANSING IGA;417 MAIN ST;LANSING
4433;KUM & GO #24  PLEASANT HILL;5970 MORNING STAR CT;PLEASANT HILL
4629;KWIK SHOP #541 / GLENWOOD;309 N LOCUST ST;GLENWOOD
4231;FAREWAY STORES #719 / LE MARS;115 PLYMOUTH ST NE;LE MARS
4463;CASEY'S GENERAL STORE #3031 / GARNER;145 US HWY 18 W;GARNER
4927;KUM & GO #576 / WEST DES MOINES;3501 EP TRUE PKWY;WEST DES MOINES
3901;TARGET STORE T-0878 / FORT DODGE;2910  1 AVE S;FORT DODGE
4605;KUM & GO #509 / MARION;1203 BLAIRS FERRY RD;MARION
4986;218 FUEL EXPRESS & CHUBBY'S LIQUOR;68 MONROE ST;FLOYD
4466;THE PUMPER;515 W WATER ST;FAYETTE
4687;KUM & GO #517 / CEDAR RAPIDS;3132 1ST AVE NE;CEDAR RAPIDS
4581;PRIME MART / CEDAR FALLS;2728 CENTER ST;CEDAR FALLS
4488;CASEY'S GENERAL STORE #2762 / CEDAR;20 MILLER AVE SW;CEDAR RAPIDS
4886;YR DOLLAR STOP;1500 1ST AVE NE;CEDAR RAPIDS
4904;LARCHWOOD QUICK STOP;832 BROADWAY ST;LARCHWOOD
4853;KUM & GO #62 / JOHNSTON;6130 NW 86TH ST;JOHNSTON
2849;CVS PHARMACY #10162 / DES MOINES;3151 SE 14TH ST;DES MOINES
5077;WAL-MART 3150 / COUNCIL BLUFFS;1800 N 16TH ST;COUNCIL BLUFFS
4377;QUIK TRIP #562 / NE 14TH / DSM;4801 NE 14TH ST;DES MOINES
4436;KUM & GO #216  AMES;203 WELCH AVE;AMES
4489;CASEY'S GENERAL STORE #2763 / CEDAR;641 EDGEWOOD RD NW;CEDAR RAPIDS
4387;KUM & GO #117 / SPIRIT LAKE;300 18TH ST;SPIRIT LAKE
4773;FAST MART 2, LLC;2704 VINE ST;WEST DES MOINES
2559;HY-VEE FOOD STORE / ALBIA;301 HWY. 34 WEST;ALBIA
4044;KUM & GO #713 / BURLINGTON;421 N MAIN ST;BURLINGTON
4837;KUM & GO #51 / IOWA CITY;323 E BURLINGTON ST;IOWA CITY
3911;BURG SPIRITS, LLC.;813 1/2 HIGHLAND ST;WILLIAMSBURG
3654;THE BEVERAGE SHOP / BELMOND;207 E MAIN ST;BELMOND
5100;SAM'S FOOD;648 N  MARQUETTE ST;DAVENPORT
4402;KUM & GO #80 / RIVERSIDE;1178 ENTERPRISE DR;RIVERSIDE
3056;CLARION SUPER VALU II;325 CENTRAL AVE W;CLARION
4798;WALGREENS #05721 / DES MOINES;3140 SE 14TH ST;DES MOINES
4731;WALGREENS #05060 / CLIVE;12753 UNIVERSITY AVE;CLIVE
3906;CIGARETTE OUTLET #17 / BURLINGTON;412 N ROOSEVELT ST;BURLINGTON
2850;CVS / PHARMACY #10161 / DES MOINES;215 E EUCLID AVE;DES MOINES
4520;CASEY'S GENERAL STORE #2842 / HUXLEY;902 N HWY 69;HUXLEY
4106;HARTIG DRUG CO. / JFK RD / DUBUQUE;2255 JOHN F KENNEDY RD;DUBUQUE
4670;GUPPY'S ON THE GO / TRIPOLI;600, 7TH AVE SW;TRIPOLI
5124;PRICE CHOPPER  /  JOHNSTON;5440 NW  86TH ST;JOHNSTON
3531;OSAGE LIQUORS;508 MAIN ST;OSAGE
5070;JEFF'S MARKET / WILTON;101, E 4TH ST;WILTON
4376;KUM & GO #6 / MASON CITY;1920 S FEDERAL AVE;MASON CITY
4327;QUICK MART / HIAWATHA;655 ROBBINS RD;HIAWATHA
4284;FAREWAY STORES #559 / IOWA FALLS;500 IOWA ST;IOWA FALLS
4772;KUM & GO #97 / WEST DES MOINES;196 S 50TH ST;WEST DES MOINES
4978;PRIME MART / WATERLOO;3535 MARIGOLD DR;WATERLOO
5127;PRICE CHOPPER  /  INGERSOLL;3425 INGERSOLL AVE;DES MOINES
4454;KUM & GO #248 / SIOUX CITY;2026 RIVERSIDE BLVD;SIOUX CITY
4774;CASEY'S GENERAL STORE #3034 / ESTHER;1615, CENTRAL AVE;ESTHERVILLE
4753;CASEY'S GENERAL STORE #2521 / ADAIR;110 S 5TH ST;ADAIR
3882;KWIK SHOP #579 / DAVENPORT;2805 TELEGRAPH RD;DAVENPORT
5080;C'S LIQUOR STORE;719 2ND AVE W;SPENCER
9001;CEDAR RIDGE VINEYARDS;1441 MARAK RD NW;SWISHER
4730;WALGREENS #05944 / JOHNSTON;6200 MERLE HAY RD;JOHNSTON
4964;JEFF'S MARKET / WILTON;101 E 4TH ST;WILTON
4856;BROTHERS MARKET / LISBON;930 COMMERCIAL ST;LISBON
4154;FAREWAY STORES #055 / HIAWATHA;885 MILLER RD;HIAWATHA
4602;CHEAP SMOKES / BEER CITY;58231 190TH ST;PACIFIC JUNCTION
4747;WALGREENS #11709 / DAVENPORT;1805 BRADY ST;DAVENPORT
4255;FAREWAY STORES #058 / ORANGE CITY;512  8TH SE;ORANGE CITY
4625;KWIK SHOP #532 / COUNCIL BLUFFS;1602 AVENUE G;COUNCIL BLUFFS
3803;STRAWBERRY FOODS AND DELI;128 W MISSION;STRAWBERRY POINT
4019;WAL-MART 1506 / MANCHESTER;1220 WEST MAIN;MANCHESTER
5102;WILKIE LIQUORS;724, 1ST  ST  SE;MOUNT VERNON
4460;MOORE'S FOODS;808 S MAIN ST;MONONA
3447;SAM'S CLUB 6432 / SIOUX CITY;4201 S. YORK ST.;SIOUX CITY
4386;KUM & GO #701 / MARSHALLTOWN;613 N. 3RD AVE N;MARSHALLTOWN
4417;KUM & GO #76 / ADAIR;109 S 5TH ST;ADAIR
4408;KUM & GO #2217 / BOONE;315 STORY ST;BOONE
4657;CASEY'S GENERAL STORE #2526 / WELLSB;308 N WASHINGTON;WELLSBURG
4140;FAREWAY STORES #900 / EUCLID;100 EUCLID AVE;DES MOINES
4540;CASEY'S GENERAL STORE #2915 / BELLEV;1104 N RIVERVIEW ST;BELLEVUE
3542;CHUCK'S SPORTSMANS BEVERAGE;244 W 4TH ST;ST ANSGAR
2846;CVS PHARMACY #8443 / CEDAR RAPIDS;3419 16TH AVE SW;CEDAR RAPIDS
5048;ROLFE AREA MARKET;412, GARFIELD ST;ROLFE
5107;KUM & GO #4098 / WINDSOR HEIGHTS;7229, UNIVERSITY AVE;WINDSOR HEIGHTS
4383;KUM & GO #500 / CRESTON;903 N SUMMER AVE;CRESTON
4040;NO FRILLS SUPERMARKETS / COUNCIL BLU;1801 VALLEY VIEW DR;COUNCIL BLUFFS
3016;SUPER VALU / BENDER'S;200 SOUTH STATE ST;DENVER
3642;FRAISE FOODS / SONNY'S SUPERMARKET;327  5TH ST;WEST POINT
4369;KUM & GO #28 / NORWALK;2992 SUNSET DR;NORWALK
2960;DAHL'S / WDM;1208 PROSPECT;WEST DES MOINES
4727;WALGREENS #07996 / ANKENY;2702 SE DELAWARE AVE;ANKENY
3993;NEW STAR LIQUOR / W 4TH S / WATERLOO;1625 WEST 4TH ST;WATERLOO
4107;FAREWAY STORES #384 / BOONE;1711 HAWKEYE DR;BOONE
4735;WALGREENS #01301 / OTTUMWA;327 W 4TH ST;OTTUMWA
4910;PRIME MART #3 / WATERLOO;1008 LAPORTE RD;WATERLOO
4205;FAREWAY STORES #467 / MARSHALLTOWN;102 WEST ANSON ST;MARSHALLTOWN
4606;CENTRAL MART / SIOUX CITY;1203 TRI VIEW AVE;SIOUX CITY
3648;FAIRBANK FOOD CENTER;102  4TH ST NORTH BOX 434;FAIRBANK
4144;LIQUOR, BEER AND TOBACCO OUTLET;1908 CLARK ST;CHARLES CITY
4018;HOMETOWN FOODS / GLADBROOK;310 SECOND ST PO BOX 249;GLADBROOK
4406;KUM & GO #4020 / ANKENY;1910 SW WHITE BIRCH CIRCLE;ANKENY
4975;WALGREENS #15647 / SIOUX CITY;1900 HAMILTON BLVD;SIOUX CITY
4660;HILL BROTHERS JIFFY MART / CEDAR RAP;1904, MT VERNON RD SE;CEDAR RAPIDS
5142;SMOKIN' JOE'S #13 TOBACCO & LIQUOR O;2315, MT VERNON RD SE;CEDAR RAPIDS
5174;JIM'S FOOD   /  SULLIVAN AVE;437, SULLIVAN AVE;WATERLOO
3403;ECON-O-MART / COLUMBUS JUNCTION;113 EAST WALNUT ST.;COLUMBUS JUNCTION
5089;MOS MINI MART;614, E ERIE ST;MISSOURI VALLEY
4738;CASEY'S GENERAL STORE #2284 / COUNCI;1030, VETERAN MEMORIAL HWY;COUNCIL BLUFFS
4893;CASEY'S GENERAL STORE #3098 / WDM;105 GRAND AVE;WEST DES MOINES
4563;THE MOLEHILL;315 MAIN ST;IRETON
4665;CASEY'S GENERAL STORE #2896 / ANKENY;2601 SE CREEKVIEW DR;ANKENY
4554;KUM & GO #229 / SIOUX CITY;1821 HAMILTON BLVD;SIOUX CITY
5116;NEW STAR MART  /  NEWTON;702, 1ST AVE E;NEWTON
4754;WALGREENS #12148 / WAVERLY;320 W BREMER AVE;WAVERLY
4471;KUM & GO #212 / WATERLOO;117 E SAN MARNAN DR;WATERLOO
3779;STATION WINE AND SPIRITS, T;2324 N 15TH ST;FORT DODGE
4817;CASEY'S GENERAL STORE #3217 / KNOXVI;1201, E MAIN ST;KNOXVILLE
4235;FAREWAY STORES #395 / WEBSTER CITY;942  2ND ST;WEBSTER CITY
5155;NEW STAR  /  ANSBOROUGH AVE;1459, ANSBOROUGH AVE;WATERLOO
4675;KUM & GO #113 / AMES;2801 E 13TH ST;AMES
4438;KUM & GO #214  AMES;111 DUFF AVE;AMES
4039;NO FRILLS SUPERMARKETS / COUNCIL BLU;1817 W BROADWAY;COUNCIL BLUFFS
4001;WAL-MART 1787 / CARROLL;2014 KITTY HAWK AVE;CARROLL
4506;CASEY'S GENERAL STORE #2667 / TIFFIN;403 STEPHENS ST;TIFFIN
4368;KUM & GO #570 / JOHNSTON;5800 NORTHGLEN DR;JOHNSTON
4161;FAREWAY STORES #950 / IOWA CITY;2530 WESTWINDS DR;IOWA CITY
4673;SONNY'S SUPER MARKET / WEST POINT;327 5TH ST;WEST POINT
4324;DAYTON COMMUNITY GROCERY;22 NORTH MAIN;DAYTON
4780;CASEY'S GENERAL STORE #3043 / BRITT;576, N MAIN AVE;BRITT
4523;CASEY'S GENERAL STORE #2563 / EXIRA;312 W WASHINGTON ST;EXIRA
4888;CIRCLE S BLUFF STOP;302 1ST ST;SERGEANT BLUFF
4374;KUM & GO #141 / GRIMES;1950 PRINCETON DR;GRIMES
4359;KUM & GO #75 / WAUKEE;350 SE UNIVERSITY AVE;WAUKEE
4484;JEFF'S MARKET / WEST LIBERTY;200 E 3RD;WEST LIBERTY
4113;TOBACCO HUT #6 / COUNCIL;3134 MANAWA CENTRE DR;COUNCIL BLUFFS
4472;QUICK SHOP FOODS / CENTERVILLE;1023 SOUTH MAIN;CENTERVILLE
4429;KUM & GO #32 / COLFAX;1200 N WALNUT ST;COLFAX
4782;CASEY'S GENERAL STORE #2529 / LAMONI;406 E MAIN ST;LAMONI
3891;WILD ROSE EMMETSBURG, LLC;777 MAIN ST;EMMETSBURG
4618;HAWKEYE CONVENIENCE STORES EAST;1581, 1ST AVE SE;CEDAR RAPIDS
4250;FAREWAY STORES #882 / ELDORA;1232 14TH ST;ELDORA
5044;CASEY'S GENERAL STORE #3202 / CRESCE;111, MORMON BRIDGE RD;CRESCENT
5028;MIDTOWN LIQUOR;1100, E 5TH ST;STORM LAKE
3889;WAL-MART 1005 / WAVERLY;700  29 ST SW;WAVERLY
4609;KUM & GO #579 / ANKENY;165 SW MAGAZINE RD;ANKENY
5097;FAREWAY STORES #151 / CEDAR RAPIDS;3717 1ST AVE SE;CEDAR RAPIDS
4666;SUPER STOP II / ALTOONA;2635 ADVENTURELAND DR;ALTOONA
4834;MUSCATINE FAST BREAK;2603 SECOND AVE;MUSCATINE
5198;RIVERSIDE LIQUOR;826 E RIVER DR;DAVENPORT
5131;OASIS;1401, BUCHANAN ST;DES MOINES
4470;KUM & GO #211 / WATERLOO;1976 FRANKLIN ST;WATERLOO
4465;HOME TOWN FOOD ON 4;714 S EAST ST;POMEROY
5129;CASH SAVER  /  FLEUR;4121 FLEUR DR;DES MOINES
4836;KUM & GO #52 / IOWA CITY;25 W BURLINGTON ST;IOWA CITY
5013;STATE FOOD MART;3715 STATE ST;BETTENDORF
4449;KUM & GO #121 / URBANDALE;12041 DOUGLAS PKWY;URBANDALE
4739;WALGREENS #05306 / COUNCIL BLUFFS;301 W BENNETT AVE;COUNCIL BLUFFS
5051;OASIS;630 SW  9TH ST;DES MOINES
5132;PHILLIPS 66;1516, SE  1ST  ST;DES MOINES
5096;WALGREENS #11710 / NORTH LIBERTY;625 PACHA PARKWAY;NORTH LIBERTY
4249;FAREWAY STORES #048 / CLARINDA;115 ESSIE DAVISON DR;CLARINDA
3393;THE HANGOUT LIQUORS;111 W MAIN ST.;RICEVILLE
4892;SARA MINI MART;1026 W RIVER DR;DAVENPORT
3635;CLARK'S FOOD MART / OGDEN;302 WEST WALNUT ST;OGDEN
4459;KUM & GO #544 / EAGLE GROVE;1120 S COMMERCIAL;EAGLE GROVE
4601;KUM & GO #4110 / GUTHRIE DM;2110 GUTHRIE AVE;DES MOINES
3582;KORTHOUSE LIQUOR;102 W 1ST ST;LEON
4643;CUBBY'S RED OAK;2405, N BROADWAY ST;RED OAK
4409;KUM & GO #90 / BOONE;1704 S STORY ST;BOONE
4190;FAREWAY STORES #888 / JEFFERSON;1207 N ELM ST;JEFFERSON
4033;MCGREGOR'S TOP SHELF, LLC;221 MAIN ST;MCGREGOR
4887;KUM & GO #66 / WEST DES MOINES;5308 UNIVERSITY AVE;WEST DES MOINES
4709;WALGREENS #12108 / AMES;2719 GRAND AVE;AMES
5011;KUM & GO #443 / WILLIAMSBURG;2177 M AVE;WILLIAMSBURG
4248;FAREWAY STORES #021 / SHELDON;2603 PARK ST;SHELDON
4816;CASEY'S GENERAL STORE #3232 / SHENAN;1303 W SHERIDAN AVE;SHENANDOAH
4781;CASEY'S GENERAL STORE #3079 / EARLY;2245, US HWY 71;EARLY
4658;CASEY'S GENERAL STORE #3027 / IOWA F;904 WASHINGTON AVE;IOWA FALLS
5008;EMMETSBURG FOOD PRIDE;1307 S BROADWAY ST;EMMETSBURG
4758;MIDTOWN / STORM LAKE;1100 EAST 5TH ST;STORM LAKE
4831;L & M GAS & GROCERY / BOONE;320, W MAMIE EISENHOWER AVE;BOONE
4475;BUCKY'S EXPRESS #27 / COUNCIL BLUFFS;2713 S 24TH ST;COUNCIL BLUFFS
4365;KUM & GO #222 / WEST ST GRINNELL;1002 WEST ST;GRINNELL
2664;HY-VEE C-STORE / CHARLES CITY;1003 KELLY ST;CHARLES CITY
4425;QUIK TRIP #575 / COUNCIL BLUFFS;1749 W BROADWAY ST;COUNCIL BLUFFS
4149;FAREWAY STORES #015 / DENISON;609 ARROWHEAD DR;DENISON
4043;GASLAND #102 / BURLINGTON;1703 MT PLEASANT ST;BURLINGTON
4416;KUM & GO #83 / CASEY;501 ANTUQUE COUNTRY DR;CASEY
4469;SPERRY ONE STOP SHOP LLC;516 HWY 141;COON RAPIDS
4994;CITY FOODS;200 BROADWAY ST;WATERLOO
4824;CASEY'S GENERAL STORE #3224 / CRESTO;301 W TAYLOR ST;CRESTON
4960;AJ'S LIQUOR III;2401 A CHAMBERLAIN ST;AMES
5146;FAREWAY STORES #153  /  W DES MOINES;329 GRAND AVE;WEST DES MOINES
4389;KUM & GO #651 / ALBIA;204 S MAIN ST;ALBIA
3878;LIQUOR AND TOBACCO OUTLET /;2128 COLLEGE ST;CEDAR FALLS
4071;KELLOGG COUNTRY STORE;103 BLAIR ST;KELLOG
4492;CASEY'S GENERAL STORE #2773 / CEDAR;3625 EDGEWOOD RD SW;CEDAR RAPIDS
4546;CASEY'S GENERAL STORE #2303 / GLIDDE;705 IDAHO ST;GLIDDEN
4378;KUM & GO #202 / 4TH ST WAUKEE;85  4TH ST;WAUKEE
4796;WALGREENS #04714 / DES MOINES;4555 FLEUR DR;DES MOINES
3688;FREDERICKSBURG FOOD CENTER;100 W MAIN ST;FREDERICKSBURG
4544;CASEY'S GENERAL STORE #1898 / OSCEOL;114 N MAIN ST;OSCEOLA
4166;JESUP FOOD CENTER;1314  7TH ST;JESUP
4966;MIDTOWN;1100 E 5TH ST;STORM LAKE
4596;QUIK TRIP #534 / E UNIVERSITY DM;2945 E UNIVERSITY;DES MOINES
4279;KEOTA EAGLE FOODS;217 E BROADWAY;KEOTA
4435;KUM & GO #220  COUNCIL BLUFFS;2024 5TH AVE;COUNCIL BLUFFS
4661;QUIK TRIP #531 / GRIMES;1900, SE 37TH ST;GRIMES
4030;BUY RITE FOODS;201 MARKET ST;LAKE PARK
4859;CIRCLE K #6604 / BURLINGTON;421 N MAIN ST;BURLINGTON
3989;LIQUOR ON THE CORNER / CHEROKEE;300 E MAIN ST;CHEROKEE
5126;PRICE CHOPPER  /  MERLE HAY;4343 MERLE HAY RD;DES MOINES
3968;MONROE LIQUOR;105 W SHERMAN PO BX 1023;MONROE
4391;KUM & GO #236 / GREENFIELD;508 SE KENT ST;GREENFIELD
4562;CASEY'S GENERAL STORE #2989 / MECHAN;206 SHORT ST;MECHANICSVILLE
5128;PRICE CHOPPER  /  BEAVER;1819 BEAVER AVE;DES MOINES
4016;HOMETOWN FOODS / CONRAD;119 N MAIN ST PO BOX 296;CONRAD
4769;ELMA LOCKER AND GROCERY;100 GRANT ST;ELMA
4884;TOBACCO HUT #11 / SIOUX CITY;4523, MORNINGSIDE AVE;SIOUX CITY
5043;WEST SIDE LIQUOR / WATERLOO;919 W 5TH ST;WATERLOO
4397;QUIK TRIP #514 / ANKENY;802 E 1ST ST;ANKENY
5046;WEST K MART;707, PALEAN ST;KEOKUK
4530;CASEY'S GENERAL STORE #2566 / ELY;1495 STATE ST;ELY
5022;KUM & GO #97 / WEST DES MOINES;196 S 50TH ST;WEST DES MOINES
5074;NEW PIONEER FOOD CO-OP  / CENTER POI;3338 CENTER POINT RD NE;CEDAR RAPIDS
4169;SUPER QUICK 2 / HUBBELL;1824 HUBBELL AVE;DES MOINES
5172;UPTOWN LIQUOR & TOBACCO;2000 WILLEY BLVD SW;CEDAR RAPIDS
4551;CASEY'S GENERAL STORE #2845 / URBAND;201 SUNSET ST;URBANA
4519;CASEY'S GENERAL STORE #2923 / WDM;1850 22ND ST;WEST DES MOINES
3831;THE MARKET OF MADRID;301 ANNEX RD;MADRID
4717;WALGREENS #05512 / BETTENDORF;3425 MIDDLE RD;BETTENDORF
5162;URBANDALE LIQUOR;6401, DOUGLAS AVE;URBANDALE
4160;FAREWAY STORES #034 / IOWA CITY;2765 COMMERCE DR;IOWA CITY
3930;KUENNEN'S LIQUOR STORE;106 W MAINS ST PO BOX 142;ST LUCAS
4970;JEFF'S MARKET / WEST LIBERTY;200, E 3RD ST;WEST LIBERTY
4501;KUM & GO #134 / FAIRFIELD;1601 W BURLINGTON AVE;FAIRFIELD
4696;QUIK TRIP #517 / WEST DES MOINES;1451 22ND ST;WEST DES MOINES
4500;CASEY'S GENERAL STORE #2788 / NORTH;595 N KANSAS AVE;NORTH LIBERTY
4298;TERRY'S FOOD CENTER;305 CRISMAN ST;DYSART
4157;FAREWAY STORES #993 / NORTH LIBERTY;615 WESTWOOD DR   P.O BOX 96;NORTH LIBERTY
4631;THUNDER RIDGE AMPRIDE;2425, WHITETAIL DR;CEDAR FALLS
5030;NEW STAR;315 FLETCHER AVE;WATERLOO
4437;KUM & GO #215  AMES;4506 LINCOLN WAY;AMES
4603;KUM & GO #208 / SE 14TH DM;3200 SE 14TH ST;DES MOINES
4461;QUIK TRIP #503 / WINDSOR HEIGHTS;7220 HICKMAN RD;WINDSOR HEIGHTS
4636;KWIK SHOP #561 / CEDAR RAPIDS;2904 CENTER POINT RD NE;CEDAR RAPIDS
4522;CASEY'S GENERAL STORE #2523 / MONROE;201 RALPH ST;MONROE
5049;GAS N GO  /  WAVERLY;1069 230TH ST;WAVERLY
4280;SLAGLE'S GROCERY / LE CLAIRE;1301 EAGLE RIDGE RD;LE CLAIRE
4667;KUM & GO #56 / BEVINGTON;101 E IA HIGHWAY 92;BEVINGTON
4565;KUM & GO #228 / SIOUX CITY;1925 S LAKEPORT ST;SIOUX CITY
3606;SCOTTY'S LIQUOR STORE;804 G AVE;GRUNDY CENTER
4561;KROEGERS LIQUOR CO LLC;3539 LAFAYETTE RD;EVANSDALE
3944;SAM'S CLUB 4973 / DUBUQUE;4400 ASBURY RD;DUBUQUE
4337;GRAND FALLS CASINO RESORT;1415 GRAND FALLS BLVD;LARCHWOOD
4512;METRO MART #4 / WATERLOO;2332, FALLS AVE;WATERLOO
5167;NEW STAR LIQUOR & TOBACCO  / FT DODG;1724, 5TH  AVE S;FORT DODGE
4090;MCELROY'S FOOD MARKET;135 MADISON ST;WINTHROP
3871;TARGET STORE T-0069 / WDM;1800  35TH ST;WEST DES MOINES
5182;KWIK SHOP #595  /  W BROADWAY;1749 W BROADWAY;COUNCIL BLUFFS
5204;QUIK STOP  /  BURLINGTON;1812 OSBORN ST;BURLINGTON
4233;FAREWAY STORES #815 / CRESCO;112 S ELM ST;CRESCO
2537;HY-VEE DRUGSTORE / FORT DODGE;215 S 25TH ST;FORT DODGE
4745;WALGREENS #05042 / CEDAR RAPIDS;3325 16TH AVE SW;CEDAR RAPIDS
4528;CASEY'S GENERAL STORE #1303 / MARSHA;111 N 3RD AVE;MARSHALLTOWN
4101;LUCKY STOP INC.;301 WATER ST  PO BOX 166;CAMBRIDGE
2583;HY-VEE FOOD STORE / WASHINGTON;528 S HWY 1;WASHINGTON
4954;CASEY'S GENERAL STORE #3244 / URBAND;3750, 111TH ST;URBANDALE
4432;KUM & GO #201 CORALVILLE;822 1ST AVE;CORALVILLE
5038;JIM'S FOOD;437 SULLIVAN AVE;WATERLOO
4405;KUM & GO #92 / ANKENY;1025 E  1ST ST;ANKENY
4133;MCCOY'S 1447;1447  2ND ST;WEBSTER CITY
4510;CASEY'S GENERAL STORE #1007 / MALVER;701 MAIN ST;MALVERN
4767;CASEY'S GENERAL STORE #3075 / ANKENY;6981, NE 14TH ST;ANKENY
3695;MRS. B'S LIQUOR;623 S MARION ST;REMSEN
4396;TRUNCK'S COUNTRY FOODS, INC.;606 GRUNDY AVE;REINBECK
5010;SAC CITY FOOD PRIDE;106 S 16TH ST;SAC CITY
4524;CASEY'S GENERAL STORE #1139 / NORA S;14 E CONGRESS;NORA SPRINGS
4850;BIG 10 MART;4141 CENTERPOINT RD NE;CEDAR RAPIDS
4076;SAKAR LIQUOR STORE;1026 W RIVER DR #B;DAVENPORT
4358;KUM & GO #553 / CLARION;300 CENTRAL AVE W;CLARION
4845;3RD ST CONVENIENCE;216, 3RD ST SE;CEDAR RAPIDS
4744;WALGREENS #03875 / CEDAR RAPIDS;2821 1ST AVE SE;CEDAR RAPIDS
4335;THE BOTTLE SHOP / INWOOD;313 S MAIN ST;INWOOD
4119;TARGET STORE T-2526 / CEDAR FALLS;214 VIKING PLAZA DR;CEDAR FALLS
4450;KUM & GO #157 / URBANDALE;4585 156TH ST;URBANDALE
4852;KUM & GO #520 / CEDAR RAPIDS;2604 16TH AVE;CEDAR RAPIDS
4363;KUM & GO #33 / OSCEOLA;400 S MAIN ST;OSCEOLA
4549;CASEY'S GENERAL STORE #2913 / COLO;702 US HWY 65;COLO
4351;KUM & GO #301 / CLEAR LAKE;2325 7TH AVE NORTH N;CLEAR LAKE
4995;DURANT STREET C-STORE;618 DURANT ST;HARLAN
5052;CASEY'S GENERAL STORE #3220 / GREENF;302, SE 6TH ST;GREENFIELD
4756;WALGREENS #03196 / MARSHALLTOWN;5 E ANSON;MARSHALLTOWN
5057;KUM & GO #535 / DES MOINES;4960 E BROADWAY AVE;DES MOINES
4882;CASEY'S GENERAL STORE #3026 / ST CHA;209, E MAIN ST;ST CHARLES
4399;KUM & GO #59 / WAUKEE;33083 UTE AVE;WAUKEE
4846;CASEY'S GENERAL STORE #2697 / ONAWA;706, 10TH ST;ONAWA
3997;WAL-MART 4606 / OSCEOLA;2400 COLLEGE DR;OSCEOLA
4647;B AND B EAST / WATERLOO;1615 BISHOP AVE;WATERLOO
4795;WALGREENS #00359 / DES MOINES;2545 E EUCLID AVE;DES MOINES
4699;WALGREENS #06553 / BETTENDORF;830 MIDDLE RD;BETTENDORF
4225;T P PLAZA;1701 IOWA AVE;MARSHALLTOWN
3725;ARMSTRONG LIQUOR STORE;101  6TH ST;ARMSTRONG
4783;CASEY'S GENERAL STORE #1684 / EMMETS;2406, MAIN ST;EMMETSBURG
4890;CASEY'S GENERAL STORE #3210 / URBAND;4400 128TH ST;URBANDALE
4814;BYRON SUPERMARKET, INC.;306 BYRON AVE;WATERLOO
4826;CASEY'S GENERAL STORE #3226 / ALBIA;204 S MAIN ST;ALBIA
5084;ISMOKE;3221, 1ST AVE SE;CEDAR RAPIDS
5148;MAIN ST MARKET  /  HOLY CROSS;882, MAIN ST;HOLY CROSS
4318;FAREWAY STORES #841 / RED OAK;811 BROADWAY;RED OAK
4049;NO FRILLS SUPERMARKETS / GLENWOOD;423 SHARP ST;GLENWOOD
4931;HUDSON GAS MART;230 WATERLOO RD;HUDSON
4535;CASEY'S GENERAL STORE #2421 / DUBUQU;4003 PERU RD;DUBUQUE
4573;CASEY'S GENERAL STORE #1330 / HAMBUR;1211 WASHINGTON ST;HAMBURG
4036;FIVE STAR SNACKS AND MORE;315 FLETCHER AVE;WATERLOO
4315;FAREWAY STORES #554 / WASHINGTON;301 NORTH MARION AVE;WASHINGTON
4271;FAREWAY STORES #827 / CENTERVILLE;305 S 18TH ST;CENTERVILLE
3866;TARGET STORE T-1170 / AMES;320 S DUFF;AMES
4613;SPARKY'S ONE STOP / CARROLL;402 E 6TH ST;CARROLL
2839;CVS PHARMACY #8659 / DAVENPORT;1777 DIVISION ST;DAVENPORT
5149;B S MINI MART INC;1900, SUMMER ST;BURLINGTON
5058;KUM & GO # 542 / URBANDALE;11989 HICKMAN RD;URBANDALE
4567;SHOP N SAVE / NW 2ND AVE / DSM;4685 NW 2ND AVE;DES MOINES
3798;OLD CALLIOPE LIQUOR;2021 AVE E;HAWARDEN
4553;CASEY'S GENERAL STORE #1892 / SHEFFI;702 E GILMAN ST;SHEFFIELD
5047;THE FRESH MARKET;180, COLLINS RD NE;CEDAR RAPIDS
4704;THE FILLING STATION / COUNCIL BLUFFS;1531 2ND AVE;COUNCIL BLUFFS
4828;CASEY'S GENERAL STORE #3228 / MARSHA;916 E MAIN ST;MARSHALLTOWN
2645;HY-VEE DRUGSTORE / MUSCATINE;510 E 6TH ST;MUSCATINE
4950;KUM & GO #514 / CEDAR RAPIDS;1420 MT VERNON RD;CEDAR RAPIDS
5081;CASEY'S GENERAL STORE #3035 / ATLANT;701 POPLAR ST;ATLANTIC
4789;KATY DID'S GENERAL STORE;419 MERRILL ST;BUSSEY
4822;CASEY'S GENERAL STORE #3214 / OSKALO;413 A AVE W;OSKALOOSA
3880;TARGET STORE T-2454 / COUNCIL BLUFFS;3804 METRO DR;COUNCIL BLUFFS
4929;CASEY'S GENERAL STORE #1680 / ADEL;816, GREENE ST;ADEL
4427;KUM & GO #507 / NORTH LIBERTY;610 N KANSAS AVE;NORTH LIBERTY
4390;KUM & GO #233 / CLARINDA;1400 E WASHINGTON ST;CLARINDA
4232;ELLIOTT'S GENERAL STORE,;23828 HWY J18;MORAVIA
4458;QUIK TRIP #568 / JOHNSTON;5169 MERLE HAY RD;JOHNSTON
4493;CASEY'S GENERAL STORE #2850 / CEDAR;5655 C ST SW;CEDAR RAPIDS
4511;SUPER QUICK / SE 30 DM;303 SE 30TH ST;DES MOINES
4380;KUM & GO #254 / WEST BRANCH;620 S DOWNEY ST;WEST BRANCH
5050;FAREWAY STORES #147 / CARLISLE;1115, BLUESTEM DR;CARLISLE
5171;GARY'S LIQUOR & WINE LTD;110, E JEFFERSON ST;DELAWARE
5154;LAKE PARK FOODS;201, MARKET ST;LAKE PARK
4793;FORT MADISON FAST BREAK;5002 AVENUE O;FORT MADISON
4651;CASEY'S GENERAL STORE #2300 / JEWELL;301, MAIN ST;JEWELL
4415;KUM & GO #513 / ACKLEY;420 SHERMAN ST;ACKLEY
5173;AUDUBON FOOD LAND;104, MARKET ST;AUDUBON
4943;ELDON KWIK SHOP;205, 4TH ST;ELDON
3872;TARGET STORE T-0086 / DUBUQUE;3500 DODGE ST;DUBUQUE
4518;CASEY'S GENERAL STORE #2824 / WDM;6630 MILLS CIVIC PARKWAY;WEST DES MOINES
4723;WALGREENS #10557 / CEDAR FALLS;2509 WHITETAIL DR;CEDAR FALLS
4663;CASEY'S GENERAL STORE #3077 / PEOSTA;236 PEOSTA ST;PEOSTA
4676;SAM'S MINI MART / SIOUX CITY;711 GORDON DR;SIOUX CITY
4741;WALGREENS #03700 / COUNCIL BLUFFS;535 E BROADWAY;COUNCIL BLUFFS
4477;BUCKY'S EXPRESS #17 / COUNCIL BLUFFS;1759 MADISON AVE;COUNCIL BLUFFS
3826;TERRIBLES LAKESIDE CASINO;777 CASINO DR;OSCEOLA
5072;PEP STOP;901, E WASHINGTON ST;MOUNT PLEASANT
3554;DICK'S BEVERAGE DEPOT;102 N MAIN;TRIPOLI
4474;BUCKY'S EXPRESS #34 / COUNCIL BLUFFS;3501 W BROADWAY ST;COUNCIL BLUFFS
4716;WALGREENS #11153 / SPENCER;800 GRAND AVE;SPENCER
4329;SUPER STOP II / ALTOONA;2635 ADVENTURELAND DR;ALTOONA
4210;SICHANH LIQUOR STORE;812 FLINDT DR;STORM LAKE
5115;PRONTO MARKET / MANLY;204, E SOUTH ST;MANLY
4692;WALGREENS #05886 / KEOKUK;1215 MAIN ST;KEOKUK
3885;BUCHANAN COUNTY LIQUOR STORE;400 EAST FIRST ST;INDEPENDENCE
5092;KUM & GO #2035 / WEST DES MOINES;7265 VISTA DR;WEST DES MOINES
4532;CASEY'S GENERAL STORE #2274 / SIOUX;720 HWY 71;SIOUX RAPIDS
4443;PALO MINI MART;1204 1ST ST;PALO
3534;A. V. LIQUOR;207 S HILLTOP AVE;ALTA VISTA
4763;PARKTOWN BP / CEDAR RAPIDS;4141 CENTER POINT RD NE;CEDAR RAPIDS
4254;FAREWAY STORES #849 / EMMETSBURG;2008  12TH ST;EMMETSBURG
4650;LOOFTS ON 9 LIQUOR HERE OR LIQUOR TH;202, W 4TH AVE;SWEA CITY
4733;WALGREENS #03773 / URBANDALE;4600 86TH ST;URBANDALE
5166;EAST SIDE LIQUOR AND GROCERIES;1116 E NEVADA ST;MARSHALLTOWN
4938;PRONTO MARKET;201 S MAIN ST;HAZLETON
4925;KUM & GO #574 / URBANDALE;8600 MEREDITH DR;URBANDALE
4701;WALGREENS #11193 / BOONE;310 STORY ST;BOONE
4521;CASEY'S GENERAL STORE #1002 / GRAND;504 16TH ST N;GRAND JUNCTION
5164;BUCKY'S EXPRESS #22 / COUNCIL BLUFFS;3434, NEBRASKA AVE;COUNCIL BLUFFS
4680;AFAL FOOD & LIQUOR / DES MOINES;4121 SE 14TH ST;DES MOINES
3596;LADDY'S BAR AND GRILL;204 MAIN ST;CHESTER
5007;BROTHER'S MARKET / DENVER;1022 SKYLAR ST;DENVER
4778;CASEY'S GENERAL STORE #3030 / STORM;825 FUNDT DR;STORM LAKE
5150;CASEY'S GENERAL STORE #2815  /  VICT;901, 3RD  ST;VICTOR
5134;PRIME MART #6  /  CHARLES CITY;609, S MAIN ST;CHARLES CITY
4765;KWIK STOP C-STORES / DUBUQUE;2335 UNIVERSITY AVE;DUBUQUE
4534;D & B FOODS;141 W GILLET ST;PRESTON
4514;CASEY'S GENERAL STORE #2813 / FORT D;1230 3RD AVE NW;FORT DODGE
4720;CHARITON BP;107, EAST GRACE;CHARITON
4992;OLD 34 GAS & GRILL;305 US 34 BUSINESS;DANVILLE
4937;ROCSTOP;1310 W SHERIDAN AVE;SHENANDOAH
4750;WALGREENS #04041 / DAVENPORT;1525 E KIMBERLY;DAVENPORT
4370;KUM & GO #240 / NORTH AVE NORWALK;530 NORTH AVE;NORWALK
4590;CASEY'S GENERAL STORE #3045 / CEDAR;601, MAIN ST;CEDAR FALLS
5135;FAREWAY STORES #155 / HUXLEY;911 HWY 69;HUXLEY
4403;KUM & GO #4098 / WINDSOR HEIGHTS;7229 UNIVERSTY AVE;WINDSOR HEIGHTS
2668;HY-VEE FOOD STORE / LEON;1004 W 1ST ST;LEON
4431;KUM & GO #89 / FORT DODGE;115 N 22ND ST;FORT DODGE
2853;CVS PHARMACY #10452  /  AMES;2420 LINCOLN WAY;AMES
4952;SUB EXPRESS & GAS;4307 W LOCUST ST;DAVENPORT
3845;OTHO CONVENIENCE AND FOOD;210 NORTH HWY;OTHO
5075;PRONTO MARKET  / NEW SHARON;202, S MAIN ST;NEW SHARON
4497;CASEY'S GENERAL STORE #20 / ALDEN;1008, GRAND;ALDEN
3492;JUBILEE FOODS / ROCKWELL CITY;319 COURT ST;ROCKWELL CITY
4843;STEWART ROAD FAST BREAK;2418, STEWART RD;MUSCATINE
4623;CASEY'S GENERAL STORE #1493 / VAN ME;700, DEBRA DR;VAN METER
5091;KUM & GO #436 / MUSCATINE;501 CEDAR ST;MUSCATINE
4825;CASEY'S GENERAL STORE #3212 / OSCEOL;400 S MAIN ST;OSCEOLA
4627;CASEY'S GENERAL STORE #1388 / SULLY;807, 1ST ST;SULLY
4041;MANDM PANTRY;2344 CAMANCHE AVE;CLINTON
4955;CENEX AMPRIDE;504 1ST ST SW;MASON CITY
4766;KEYWEST CONOCO / DUBUQUE;2150 TWIN VALLEY DR;DUBUQUE
4632;NAT FOOD MART / 2ND AVE DM;1443 2ND AVE;DES MOINES
3543;PRONTO MARKET;101 MAIN ST;KINGSLEY
4042;LAKE OHANA MARKET / MINEOLA;23226 CENTRE DR;GLENWOOD
4013;WAL-MART 0841 / TIPTON;1126 HIGHWAY 38 NORTH;TIPTON
5103;CURRY'S EXPRESS MART;4804, HWY  61 SOUTH;MUSCATINE
4418;KUM & GO #46 / WALNUT;1709 ANTIQUE CITY DR;WALNUT
3064;SHUGAR'S SUPER VALU / ADEL;804 NILE KINNICK DR S;ADEL
4259;KUM & GO #175 LIQUORS / OSKALOOSA;901 S MARKET;OSKALOOSA
4400;KUM & GO #174 / OSKALOOSA;413 A AVE W;OSKALOOSA
4980;PRONTO BP;7305 LAPORTE RD;WASHBURN
4972;QUILLINS QUALITY FOODS MONONA;808 S MAIN ST;MONONA
4700;J & C GROCERY / ALLISON;306, N MAIN;ALLISON
4792;CASEY'S GENERAL STORE #2899 / DE SOT;1100 GREENE ST;DE SOTO
4552;CASEY'S GENERAL STORE #2493 / BUFFAL;222 W FRONT ST;BUFFALO
4915;CASEY'S GENERAL STORE #2429 / BETTEN;3902, STATE ST;BETTENDORF
4543;CASEY'S GENERAL STORE #2924 / MARION;1100 EAGLE VIEW DR;MARION
4923;CASEY'S GENERAL STORE #2270 / AURELI;100, PEARL ST;AURELIA
5020;PETROMART STANWOOD;1118, HIGHWAY 30;STANWOOD
4703;WALGREENS #00910 / SIOUX CITY;100 PIERCE ST;SIOUX CITY
5181;CASEY'S GENERAL STORE #3434  /  DENV;1101, JEFFERSON ST;DENVER
5101;NEW STAR  /  FLETCHER AVE;315 FLETCHER AVE;WATERLOO
5066;BEARS BURGERS & BUNS;14628, MILE HILL LANE;DUBUQUE
5085;NEW STAR HUDSON MART;230 WATERLOO RD;HUDSON
4275;FAREWAY STORES #980 / KNOXVILLE;1308 S LINCOLN ST;KNOXVILLE
4968;CASEY'S GENERAL STORE #3042 / BROOKL;106, W 2ND ST;BROOKLYN
4911;CASEY'S GENERAL STORE #1061 / PRINCE;500, HWY 67 N;PRINCETON
5109;CASEY'S GENERAL STORE #3404 / CARLIS;1020 GATEWAY DR;CARLISLE
4728;WALGREENS #05077 / IOWA CITY;2214 MUSCATINE AVE;IOWA CITY
4608;CASEY'S GENERAL STORE #3050 / COUNCI;510, 23RD AVE;COUNCIL BLUFFS
4513;CASEY'S GENERAL STORE #1144 / POLK C;1100 S 3RD ST;POLK CITY
4690;SUPER STOP AND SHOP / BALDWIN;5358 HWY 64;BALDWIN
4585;CASEY'S GENERAL STORE #2561 / FARLEY;306, 1ST ST SW;FARLEY
4505;CASEY'S GENERAL STORE #2816 / JOHNST;6417 NORTHGLEN DR;JOHNSTON
4325;VILLISCA FOODS INC.;509 S 3RD AVE;VILLISCA
4679;WALGREENS #12393 / CEDAR RAPIDS;5750 C AVE NE;CEDAR RAPIDS
4367;KUM & GO #109 / MASON CITY;1224 N FEDERAL AVE;MASON CITY
4371;KUM & GO #50 / WEST DES MOINES;745 S 51ST ST;WEST DES MOINES
4407;KUM & GO #1272 / KNOXVILLE;1201 E MAIN ST;KNOXVILLE
4095;CITY LIQUOR AND TOBACCO / WATERLOO;200 BROADWAY ST;WATERLOO
4026;MARSHALL DISCOUNT LIQUOR;810 W 7 ST;SIOUX CITY
4671;NEW STAR MART #1 / WATERLOO;9 N ELK RUN RD;WATERLOO
4531;CASEY'S GENERAL STORE #2626 / AFTON;501 N DOUGLAS ST;AFTON
4516;CASEY'S GENERAL STORE #1569 / OAKLAN;205 BROWN ST;OAKLAND
4360;KUM & GO #333 / NEWTON;405 1ST AVE E;NEWTON
5094;CASEY'S GENERAL STORE #2778 / CEDAR;201, 8TH AVE SE;CEDAR RAPIDS
4282;POINT LIQUOR AND TOBACCO /;4107 CENTER POINT RD;CEDAR RAPIDS
4871;DONAHUE'S ONE STOP;125 W JEFFERSON AVE;HARPERS FERRY
4143;BUCKY'S;603  E HWY 24;LAWLER
4116;LAKE VIEW FOODS;223 MAIN ST;LAKE VIEW
4786;CASEY'S GENERAL STORE #1706 / WINTER;1021 N 1ST ST;WINTERSET
4726;WALGREENS #07454 / ANKENY;901 N ANKENY BLVD;ANKENY
5196;THE DEPOT CORALVILLE;100 E  OAKDALE BLVD;CORALVILLE
4790;MEDIAPOLIS FAST BREAK;109, WAPELLO ST;MEDIAPOLIS
4858;HWY 34 TRUCKSTOP;4305 W MT PLEASANT;WEST BURLINGTON
4322;HOMETOWN FOODS / BAXTER;103 N MAIN ST;BAXTER
4953;TRI STOP;302 HWY 136;LOST NATION
4498;SPEEDE SHOP / WINTHROP;644 220TH ST;WINTHROP
4494;SELECT MART / SIOUX CITY;800 HAMILTON BLVD;SIOUX CITY
4917;KUM & GO #115 / PERRY;1115 IA HWY 141;PERRY
4719;WALGREENS #06677 / WEST DES MOINES;4900 MILLS CIVIC PKWY;WEST DES MOINES
4440;KUM & GO #219  COUNCIL BLUFFS;154 BENNETT AVE;COUNCIL BLUFFS
3812;OASIS LIQUOR / STORM LAKE;6087 HWY 110 SOUTH;STORM LAKE
5061;CASEY'S GENERAL STORE #3382 / CEDAR;560, 33RD AVE SW;CEDAR RAPIDS
4951;NEW STAR MART (AMOCO);4141 CENTER POINT RD NE;CEDAR RAPIDS
5078;CASEY'S GENERAL STORE #2096 / COUNCI;2301 S 24TH ST;COUNCIL BLUFFS
4476;BUCKY'S EXPRESS #16 / COUNCIL BLUFFS;15 NORTH 16TH ST;COUNCIL BLUFFS
4304;DOWNTOWN PANTRY / DES MOINES;208  4TH ST;DES MOINES
4991;FASTTRAK;24687 HWY 13 N;ELKADER
4635;KWIK SHOP #563 / CEDAR RAPIDS;1001 1ST AVE SW;CEDAR RAPIDS
5067;ONE STOP LIQUOR;1101, N  LAKE AVE;STORM LAKE
4350;KUM & GO #703 / MARSHALLTOWN;916 E MAIN ST;MARSHALLTOWN
4705;WALGREENS #05977 / CORALVILLE;102 SECOND ST;CORALVILLE
4527;CASEY'S GENERAL STORE #30 / GILMORE;105 SE FIRST ST;GILMORE CITY
5090;KUM & GO #437 / MUSCATINE;709 GRANDVIEW AVE;MUSCATINE
3852;CLARK OF CEDAR RAPIDS;502 E AVE NW;CEDAR RAPIDS
5199;SUPER MART / OELWEIN;701, S  FREDERICK  AVE;OELWEIN
4721;WALGREENS #05044 / BURLINGTON;3245 AGENCY ST;BURLINGTON
4976;CENTRAL MART / SIOUX CITY;1203 TRI VIEW AVE;SIOUX CITY
4755;WALGREENS #05941 / MASON CITY;1251 4TH ST SW;MASON CITY
4711;WALGREENS #06154 / DUBUQUE;2260 JOHN F KENNEDY RD;DUBUQUE
4664;CASEY'S GENERAL STORE #24 / BOONE;1127 STORY;BOONE
5119;CORWITH FARM SERVICE;205 NW ELM ST;CORWITH
5169;AV SUPERSTOP;5120, NE 14TH STREET;DES MOINES
4894;DISCOUNT TOBACCO AND MORE / DAVENPOR;828 W RIVER DR;DAVENPORT
4737;WALGREENS #11330 / STORM LAKE;800 LAKE AVE;STORM LAKE
5059;CASEY'S GENERAL STORE #1125 / HUMEST;207, FRONT ST;HUMESTON
5136;URBAN LIQUOR;6401 DOUGLAS AVE;DES MOINES
4791;WALGREENS #05470 / SIOUX CITY;4650 MORNINGSIDE AVE;SIOUX CITY
3864;HOMETOWN FOODS / SCHALLER;201 S MAIN ST PO BX 40;SCHALLER
5019;RIVERSIDE QUICK SHOP;802, S RIVERVIEW;BELLEVUE
4851;SOUTHSIDE LIQUOR & TOBACCO OUTLET /;3200 16TH AVE SW;CEDAR RAPIDS
4689;WALGREENS #11759 / FORT MADISON;2639 AVENUE L;FORT MADISON
4919;KUM & GO #4084 / ALTOONA;101 8TH ST SW;ALTOONA
5157;KIMMES MANSON COUNTRY STORE #10;208 MAIN ST;MANSON
3569;KATY DID GENERAL STORE;419 MERRILL ST;BUSSEY
4777;CASEY'S GENERAL STORE #1365 / PAULLI;315, E GRAND AVE;PAULLINA
4930;CASEY'S GENERAL STORE #3251 / BOONE;1303 SE MARSHALL ST;BOONE
5187;KWIK STOP LIQUOR & GROCERIES AMES;125, 6TH ST;AMES
4659;CASEY'S GENERAL STORE #2802 / CONRAD;409 E CENTER;CONRAD
4999;CASEY'S GENERAL STORE #2680 / CLARKS;213 S MAIN ST;CLARKSVILLE
5009;NEW PIONEER FOOD CO-OP;1101, 2ND ST;CORALVILLE
4401;KUM & GO #503 / MARION;3215 7TH AVE;MARION
5014;NEW PIONEER FOOD CO-OP / IOWA CITY;22 S VAN BUREN ST;IOWA CITY
4811;CASEY'S GENERAL STORE #1327 / LOVILI;1807, HWY 5 S;LOVILIA
4388;QUIK TRIP #566 / CLIVE;11925 UNIVERSITY AVE;CLIVE
4740;WALGREENS #04405 / COUNCIL BLUFFS;2508 W BROADWAY;COUNCIL BLUFFS
4942;EAST VILLAGE PANTRY;333, E GRAND AVE;DES MOINES
5151;IDA LIQUOR;500, HWY 175;IDA GROVE
5026;FORREST HOMETOWN MARKET;119 N MAIN ST;NORTH ENGLISH
4909;PUMP N PAK ROCK VALLEY;1004, MAIN ST;ROCK VALLEY
5025;HAWKEYE CONVENIENCE STORES / 1ST AVE;1581 1ST AVE SE;CEDAR RAPIDS
5165;KARI OUT WINE & SPIRITS LLC;107, N  MILL ST;LAKE MILLS
4749;WALGREENS #05239 / DAVENPORT;1660 W LOCUST ST;DAVENPORT
4038;NO FRILLS SUPERMARKETS / DENISON;501 HIGHWAY 39 NORTH;DENISON
4548;CASEY'S GENERAL STORE #2594 / WALKER;401 GRANT ST;WALKER
5021;KUM & GO #608 / OKOBOJI;1001 SANBORN AVE;OKOBOJI
5112;THE BOTTLE SHOP;315, S MAIN ST;INWOOD
4809;ABBY LEA'S;123, MADISON ST;NASHUA
5055;LATIMER COMMUNITY GROCERY;110, S  AKIR  ST;LATIMER
5160;KUM & GO #37  /  OTTUMWA;2508 N COURT ST;OTTUMWA
4394;KUM & GO #606 / HARLAN;702 CHATBURN AVE;HARLAN
4499;CASEY'S GENERAL STORE #1316 / MILFOR;510 OKOBOJI AVE;MILFORD
5111;CREEKSIDE MARKET;2601 HWY 6 EAST;IOWA CITY
4849;C FRESH MARKET;801, UNIVERSITY AVE;DES MOINES
5163;GASLAND EXPRESS  /  MT PLEASANT;309, W  WASHINGTON ST;MOUNT PLEASANT
4724;WALGREENS #05942 / NEWTON;1204 1ST AVE EAST;NEWTON
5024;HAWKEYE CONVENIENCE STORES / WILEY;2330 WILEY BLVD SW;CEDAR RAPIDS
5114;CASEY'S GENERAL STORE #2612 / MISSOU;106, E  ERIE ST;MISSOURI VALLEY
5180;OELWEIN MART;801, E  CHARLES  ST;OELWEIN
4706;WALGREENS #05144 / CLINTON;1905 N  2ND ST;CLINTON
4776;THE MARKET ON 30 / CARROLL;420 WEST HWY 30;CARROLL
5088;KUM & GO #768 / HOSPERS;107, IA HIGHWAY 60;HOSPERS
5033;KWIK STOP;4335 TEXAS ST;WATERLOO
5079;CASEY'S GENERAL STORE #2489 / DENISO;1608 4TH AVE S;DENISON
4515;CASEY'S GENERAL STORE #1588 / DOWS;2721 DOWS WILLIAMS RD;DOWS
4918;NORTHWEST PETROLEUM;6087 HWY 110 S;STORM LAKE
5032;FASTMART;1621 UNIVERSITY AVE;DES MOINES
4906;SMOKE.N.PIPE;3221 FIRST AVE SE;CEDAR RAPIDS
4385;KUM & GO #43 / NEW VIRGINIA;1453 CO HWY G76;NEW VIRGINIA
5062;CASEY'S GENERAL STORE #2318 / MONTRO;111, MAIN ST;MONTROSE
4517;CASEY'S GENERAL STORE #2767 / CEDAR;3434 1ST AVE NE;CEDAR RAPIDS
5041;CASEY'S GENERAL STORE #3309 / MONTEZ;106 N FRONT ST;MONTEZUMA
4838;CASEY'S GENERAL STORE #2448 / OGDEN;102, W VETERANS DR;OGDEN
5118;KWIK STOP #82  /  PEOSTA;185, PEOSTA ST;PEOSTA
5178;NEW YORK DOLLAR STORES;320, N CALHOUN ST;WEST LIBERTY
4920;KUM & GO #129 / JOHNSTON;5225 NW 86TH ST;JOHNSTON
5086;CENTRAL MART I, LLC.;2501, FLOYD BLVD;SIOUX CITY
4445;KUM & GO #196 / WEBSTER CITY;1102 2ND ST;WEBSTER CITY
4507;CASEY'S GENERAL STORE #2902 / SPENCE;411 W 18TH;SPENCER
4936;PICKLE BARREL MARKET;2 N  EYBERG ST;TREYNOR
4486;KUM & GO #608 / OKOBOJI;1001 SANBORN AVE;OKOBOJI
4714;WALGREENS #05943 / INDIANOLA;1000 N JEFFERSON ST;INDIANOLA
4944;JIFFY EXPRESS / MARTENSDALE;290, HWY 28;MARTENSDALE
4788;WALGREENS #12580 / CEDAR RAPIDS;324 EDGEWOOD RD NW;CEDAR RAPIDS
4751;WALGREENS #03595 / DAVENPORT;1720 W KIMBERLY RD;DAVENPORT
5069;CASEY'S GENERAL STORE #1705 / LAKE M;101 N LAKE ST;LAKE MILLS
2422;MARRIOTT CORP.;700 GRAND AVENUE;DES MOINES
4784;HAWKEYE CONVENIENCE STORE WILEY BLVD;2330 WILEY BLVD SW;CEDAR RAPIDS
5035;CASEY'S GENERAL STORE #3205 / COUNCI;19900 VIRGINIA HILLS RD;COUNCIL BLUFFS
5170;CASEY'S GENERAL STORE #1414  / STATE;911 3RD  AVE SW;STATE CENTER
4989;CASEY'S GENERAL STORE #3322 / IOWA C;1904 BROADWAY ST;IOWA CITY
3172;NASH FINCH / ECONOFOODS #51;20 SOUTH 4TH ST;CLEAR LAKE
4985;CASEY'S GENERAL STORE #2519 / MERRIL;101 FIRST ST;MERRILL
4121;NEWPORT BP / WAPELLO;13410 STATE HWY 78;WAPELLO
4759;WALGREENS #10855 / WATERLOO;1850 LOGAN AVE;WATERLOO
4529;CASEY'S GENERAL STORE #3262 / BUFFAL;101 1ST ST NE;BUFFALO CENTER
4213;SUNNY'S MART;630 N 3RD ST;CLINTON
4333;LIQUORAMA;1117 EAST 4TH;WATERLOO
3677;BARB'S SERVICE;1290 HWY 18;EVERLY
5153;OAK STREET STATION LLC;2403 US HWY 18;INWOOD
4542;CASEY'S GENERAL STORE #2994 / LAUREN;520 W MAIN ST;LAURENS
4029;THE STORE;204 S MAIN ST;COLESBURG
4422;KUM & GO #193 / STUART;104 N DIVISION ST;STUART
3530;PRIMGHAR LIQUOR STORE;175  1ST ST SE;PRIMGHAR
5117;FOOD & GAS MART  /  MARSHALLTOWN;613, N 3RD AVE;MARSHALLTOWN
4982;KIMMES COUNTRY STORE ALTA 05;101 E  HWY 7;ALTA
4832;CASEY'S GENERAL STORE #2491 / CLARIN;1107 S 16 ST;CLARINDA
4330;RYAN'S QUICK SHOP;702 1ST AVE E;NEWTON
4775;CASEY'S GENERAL STORE #37 / DAKOTA C;502, MAIN;DAKOTA CITY
4990;MAIN LIL' MARKET;524 MAIN ST;GRISWOLD
5177;CASEY'S GENERAL STORE #3204 / MINDEN;33280 335TH ST;MINDEN
4218;LIQUOR AND TOBACCO OUTLET /;2844 UNIVERSITY AVE;WATERLOO
5000;CASEY'S GENERAL STORE #3319 / NEVADA;1800 SOUTH B AVE;NEVADA
4570;CARGO EXPRESS;1804, HWY BLVD;SPENCER
4983;RIVER MART;14562, WASHINGTON RD;WEST BURLINGTON
4880;CASEY'S GENERAL STORE #1567 / ANITA;912, MAIN ST;ANITA
5039;CASEY'S GENERAL STORE #3384 / SOLON;1200 S MARKET ST;SOLON
4693;HAWKEYE CONVENIENCE STORES / 16TH ST;250 16TH AVE SW;CEDAR RAPIDS
5175;KWIK STOP DELHI;502, 3RD  ST;DELHI
5183;CASEY'S GENERAL STORE #77  /  CASCAD;717 1ST  AVE;CASCADE
5188;KUM & GO #251 / SIOUX CITY;1005 GORDON DR;SIOUX CITY
4946;BYRON SUPERMARKET;306 BYRON AVE;WATERLOO
5076;CUBBY'S SIOUX CITY;4200 S YORK ST;SIOUX CITY
4707;WALGREENS #05119 / CLINTON;806 S  4TH ST;CLINTON
5191;CASEY'S GENERAL STORE #1534 / GUTHRI;100, N  5TH ST;GUTHRIE CENTER
4354;KUM & GO #4205 / SHENANDOAH;1303 W SHERIDAN AVE;SHENANDOAH
4855;CASEY'S GENERAL STORE #3200 / STRAWB;308, W MISSION;STRAWBERRY POINT
4508;CASEY'S GENERAL STORE #2877 / SPENCE;805 GRAND AVE S;SPENCER
4338;RANDHAWA'S TRAVEL CENTER;1659D MARSHALLTOWN BLVD;MELBOURNE
9013;IOWA DISTILLING COMPANY;4349 CUMMING AVE.;CUMMING
4977;BACON CREEK COUNTRY STORE;2520 GORDON DR;SIOUX CITY
4352;KUM & GO #501 / CRESTON;301 W TAYLOR ST;CRESTON
3480;C'S SPENCER LIQUOR;719  2ND AVE W PO BOX 401;SPENCER
4174;CIGARETTE OUTLET #3 / FT MADISON;1737  AVE H;FORT MADISON
4815;ROCSTOP;1310 W SHERIDAN AVE;SHENANDOAH
5053;CORK & BOTTLE / IOWA CITY;610, EASTBURY DR;IOWA CITY
5185;KUM & GO #521  /  CORALVILLE;205, 2ND ST;CORALVILLE
4052;HELLE HOMETOWN VARIETY;300  1ST ST, STE F;SERGEANT BLUFF
5006;KWIK STOP 16TH STREET #325;1210 E 16TH ST;DUBUQUE
5023;HAWKEYE CONVENIENCE STORES / 16TH AV;250 16TH AVE SW;CEDAR RAPIDS
2260;SPIRITS AND ALE, INC.;509 FIRST AVE;PERRY
5082;CASEY'S GENERAL STORE #2365 / ATLANT;911 SW 7TH ST;ATLANTIC
5156;CASEY'S GENERAL STORE #1020  / LE CL;210, JONES ST;LE CLAIRE
5161;AMERISTAR CASINO COUNCIL BLUFFS GIFT;2200, RIVER ROAD, GIFT SHOP;COUNCIL BLUFFS
4682;PLEASANTVILLE ALCOHOL & TOBACCO;906 N HIGHWAY 5;PLEASANTVILLE
4916;PEREZ GROCERY;505 E VINE AVE;OTTUMWA
5152;TEXAS STREET MARKET;4335, TEXAS ST;WATERLOO
5159;KIMMES ROCKWELL CITY COUNTRY STORE #;730, HIGH ST;ROCKWELL CITY
5139;ALI'S CORNER #2;200, BROADWAY ST;WATERLOO
5192;GUPPY'S ON THE GO  /  ROBINS;990, ROBINS SQUARE DR;ROBINS
4314;NODAWAY VALLEY MARKET;304  4TH ST;FONTANELLE
5087;QUIK-PIK  /  LOGAN;107, W  7TH ST;LOGAN
4830;JCL STORE;7600, UNIVERSITY AVE;CLIVE
9022;ARTISAN GRAIN DISTILLERY;318, E 2ND ST.;DAVENPORT
9017;HONEY CREEK DISTILLERY;29538, 210TH ST.;KEOSAUQUA
5190;GUPPY'S ON THE GO / WALFORD;200 HWY 151 E;WALFORD
5179;BAXTER FAMILY MARKET;103, N  MAIN ST;BAXTER
5141;CASEY'S GENERAL STORE #3418 / GOWRIE;1131, MARKET ST;GOWRIE
4323;LIQUOR AND TOBACCO OUTLET;902  1ST AVE N;FORT DODGE
9023;IOWA LEGENDARY RYE;314, PRAIRIE VIEW DR.;CARROLL
4226;HARTIG DRUG #12 / WAUKON;21 W MAIN ST;WAUKON
5189;THE FRESH MARKET  / W DES MOINES;5901, MILLS CIVIC PKWY;WEST DES MOINES
5016;SIERRA FOODS;3326 CENTER POINT RD NE;CEDAR RAPIDS
5056;COUNCIL BLUFFS SINCLAIR;1305, N 25TH ST;COUNCIL BLUFFS
4115;FOREST MARKET CONVENIENCE;2105 FOREST;DES MOINES
9014;WERNER DISTILLING;5520 190TH ST.;HOLSTEIN