Vendor Number;Vendor Name
461;CAMPARI(SKYY)
260;DIAGEO AMERICAS
65;JIM BEAM BRANDS
115;CONSTELLATION WINE COMPANY, INC.
434;LUXCO-ST LOUIS
301;FIFTH GENERATION INC.
380;PHILLIPS BEVERAGE COMPANY
420;MOET HENNESSY USA, INC.
297;LAIRD AND COMPANY
370;PERNOD RICARD USA/AUSTIN NICHOLS
35;BACARDI U.S.A., INC.
85;BROWN-FORMAN CORPORATION
322;PRESTIGE WINE AND SPIRITS GROUP
255;WILSON DANIELS LTD.
55;SAZERAC NORTH AMERICA
330;GEMINI SPIRITS
154;IOWA DISTILLING COMPANY
395;PROXIMO
205;E AND J GALLO WINERY
192;SIDNEY FRANK IMPORTING CO.
300;MCCORMICK DISTILLING COMPANY
421;SAZERAC CO., INC.
259;HEAVEN HILL BRANDS
492;WESTERN SPIRITS BEVERAGE CO. LLC
240;WILLIAM GRANT AND SONS, INC.
410;THE PATRON SPIRITS COMPANY
294;JESSE JAMES DISTILLING COMPANY
389;REMY COINTREAU USA         .
285;CHARLES JACQUIN ET. CIE., INC.
277;STOLI GROUP
305;MHW LTD
384;PIEDMONT DISTILLERS
91;CASTLE BRANDS
460;SHAW ROSS INTERNATIONAL IMPORTERS LL
306;MISSISSIPPI RIVER DISTILLING CO.
284;CHARLES JACQUIN/INDEPENDENT SPIRITS
971;HOOD RIVER DISTILLERS, INC.
978;W. J. DEUTSCH AND SONS, LTD.
969;AVENIU BRANDS
125;CEDAR RIDGE VINEYARDS,LLC
346;OLE SMOKY DISTILLERY, LLC
184;FOUR ROSES DISTILLERY
350;LUXCO-CLEVELAND
267;IMPERIAL BRANDS, INC.
246;LOUISVILLE DISTILLING CO
130;DISARONNO INTERNATIONAL LLC
885;YAHARA BAY DISTILLERS, INC
288;KINDRED SPIRITS OF NORTH AMERICA
308;MANGO BOTTLING, INC.
198;FRANK-LIN DISTILLERS PRODUCTS LTD.
357;PALM BAY IMPORTS, INC.
86;BROADBENT DISTILLERY
478;TRINCHERO FAMILY ESTATES
112;AMERICAN VINTAGE BEVERAGE
803;LEVECKE CORP
190;FIRESTARTER SPIRITS INC.
390;QUADRO GROUP LLC
239;RUSSIAN STANDARD VODKA, USA
100;AIKO IMPORTERS INC
497;WILDMAN AND SONS, F.
451;SERRALLES USA
962;DUGGAN'S DISTILLERS PRODUCTS CORP
495;M.S. WALKER, INC.
469;TY KU, LLC
315;PATRIARCH DISTILLERS
79;BRECKENRIDGE DISTILLERY
338;NICHE IMPORT CO.
365;PARK STREET IMPORTS-VOLI
263;HIGH WEST DISTILLERY, LLC
207;PARADISE DISTILLING COMPANY
394;BLACK ROCK SPIRITS
359;PARK STREET IMPORTS-DUKE SPIRITS
381;WINDY HILL SPIRITS
250;HOMESTEAD AMERICAN WHISKEY
399;ROGUE ALES AND SPIRITS
121;COOPERSPIRITSINTERNATIONAL
229;DEHNER DISTILLERY
379;SQUARE ONE ORGANIC SPIRITS
313;VISION WINE AND SPIRITS
116;BAD BEAR ENTERPRISES
122;COOPER'S CHASE DISTILLERY
312;KLIN SPIRITS, LLC
10;A HARDY / U.S.A., LTD.
110;3 BADGE MIXOLOGY
391;ANCHOR DISTILLING (PREISS IMPORTS)
413;SANTA FE TEQUILA COMPANY
375;PARK STREET IMPORTS-BERENTZEN
109;CASA 1921 LLC
418;GUNSANDMORE.INFO
107;BLAUM BROS. DISTILLING CO.
465;STANLEY STAWSKI DISTRIBUTING CO.
501;WINEBOW, INC.
977;WERNER DISTILLING, LLC
483;THE WINE GROUP
295;KOBRAND CORPORATION
208;PROST BEVERAGE COMPANY
160;DRINKS AMERICAS
459;SURVILLE ENTERPRISES CORP
287;CHATHAM IMPORTS,INC
206;PANTHER DISTILLERY
226;MADIKWE USA, INC.
373;PRAIRIE CREEK BEVERAGES LLC
452;SPEAKEASY SPIRITS, LLC
211;LAPHAM IMPORT CO
298;WHITE ROCK DISTILLERIES, INC.
111;BETTER BRANDS BEV CO
503;WHYTE AND MACHAY(AMERICAS) LIMITED,L
163;MARSALLE COMPANY
311;MODERN SPIRITS
195;SWELL LIQUOR LLC
374;PARK STREET IMPORTS-FEW SPIRITS
203;HONEY CREEK DISTILLERY
987;STELLAR IMPORTING COMPANY, LLC
447;STERN BEVERAGE
251;H A P LLC
166;SWISS CELLARS
270;INTERNATIONAL BEVERAGE CO., INC.
377;PARK STREET IMPORTS-VEEV
496;WILLETT DISTILLERY
293;JINRO AMERICA, INC
101;ARTISAN GRAIN DISTILLERY
209;MINHAS MICRO DISTILLERY
27;ANHEUSER-BUSCH/LONGTAIL LIBATIONS
369;PARK STREET IMPORTS- CABALLEROS
197;NATIONAL BROKERS
463;THE COUNTRY VINTNER
136;HIGH WEST DISTILLERY
477;TOTAL BEVERAGE SOLUTIONS
80;BOSTON BEER COMPANY
446;STEPHEN AUGUSTUS IMPORTS
224;STE. MICHELLE WINE ESTATES
347;NORTH SHORE DISTILLERY, LLC.
128;CLEAR CREEK DISTILLERY
155;DOMAINE CHARBAY
310;MARSALLE COMPANY/STOLLER WAREHOUSE
137;ITSKO IMPORTS INC
376;SAGE BEVERAGES
61;BIAGIO CRU AND ESTATE WINES, LLC
187;KOVAL DISTILLERY
104;ASDSPIRITS, LLC
164;45TH PARALLEL SPIRITS
415;KOLOA RUM COMPANY
185;EVATON, INC.
343;PACIFIC EDGE WINE & SPIRITS
108;CVI BRANDS
114;AHA TORO SPIRITS INC
361;PARK STREET IMPORTS-SWEET REVENGE
487;WINE INTELLIGENCE
127;CLASSIC WINE IMPORTS
102;BROADSLAB DISTILLERY
150;DREYFUS, ASHBY CO.
143;DAKOTA SPIRITS DISTILLERY
204;HILLROCK ESTATE DISTILLERY LLC
714;NESTOR IMPORTS, INC.
278;INTERSECT BEVERAGE LLC
432;SEASHORE MARKETING GROUP
161;DORADO, PIZZORNI & SONS, LLC
90;CARRIAGE HOUSE IMPORTS, LTD.